ID,C1,C2
0,0.096152060291055,0.1062357753086209
1,-0.3431449550911229,0.0181582851240095
2,2.700118209199277,0.1782171834143857
3,2.884091616795786,0.081572019120546
4,0.1811885765982843,0.1068099241985575
5,0.92079326537003,0.2144645886717697
6,2.03216087212976,0.628905036261736
7,0.0577631709566567,0.1824594888741589
8,0.6811126294840505,0.0439941467987281
9,-0.1274132827748036,0.0018362922177377
10,0.4475246883247044,0.1250208465186502
11,1.5590803569166465,0.2788008158553418
12,0.8448034652946625,0.0740622497791177
13,1.2080828638142098,0.0402744295777851
14,-0.1800917855861782,0.0743446424267226
15,6.531033826654254,0.1017420842954661
16,-0.21847157039659,0.1387719741369577
17,-0.1874305934165566,0.1113002381126067
18,-0.3511125461029631,0.1228530735478136
19,-0.1132772517813044,0.3132219984915156
20,3.4377152342415203,0.158379591751355
21,0.0505121134152686,0.1845460205419252
22,1.0738963605443883,0.1125534150450828
23,1.8976921762064416,0.0895641358605309
24,0.864739260992544,0.3566727980143462
25,1.2963698452160366,0.414876646827346
26,-0.2817869843481222,0.1676590346684306
27,0.1255868435835589,0.0486764186287288
28,-0.0198384229072067,0.1169168085966514
29,0.929475702296849,0.1942833033054741
30,0.7271280220415134,0.1403815802206139
31,-1.125213585318522,0.1594295092685624
32,-0.0955673635318766,0.1581646532999571
33,4.681172650715954,0.2648595537091454
34,0.237494819529087,0.047906418963202
35,-0.2622906059602526,0.1083127993311526
36,-0.0915840769268894,0.0701538905222687
37,-0.4665657162419522,0.0990931840140382
38,0.6769877792928477,0.1928989311103429
39,1.800837171313718,0.0625209874832086
40,1.884641283769849,0.2234072759608417
41,-0.0266226021446834,0.0087439801842507
42,-0.1196278622535136,0.1386473790356759
43,0.1490148006519717,0.0740243712641349
44,1.002831666399223,0.0454180702075398
45,0.0823933451984237,0.0887676883041514
46,1.8335658225843,0.0773353892021507
47,-0.1170993188638051,0.0879124881520491
48,0.2117655598717392,0.0796965330474137
49,1.102163307961223,0.1374938399145676
50,0.2450136780128695,0.0804576827833582
51,0.261733634409211,0.2640565998668088
52,0.0501633727864451,0.0164433557108109
53,-0.1805747678776829,0.1412737561173796
54,-0.0811029318972465,0.1213004175076948
55,3.353930871930127,0.0974631899994124
56,2.0527899095586344,0.1469641582686059
57,0.8983965262964999,0.0237705550643773
58,0.1042731167092523,0.1888669479718122
59,3.2559652742797063,0.5586206261583118
60,2.58509344699684,0.1954612122218856
61,3.253509783434014,0.5598036635240621
62,0.3857675691860589,0.1262124168809093
63,-0.2589567086322205,0.0636123899755811
64,1.3067260669977545,0.0658848851852916
65,-0.2801081613037516,0.1618583731776631
66,-0.0984766486420028,0.1091830443079807
67,-0.0329201128645191,0.2275593754860364
68,0.2204000932719546,0.4704283492848801
69,1.0450278921343514,0.0270580015121107
70,0.1826135937709748,0.1343553289898159
71,-1.2452531837239622,0.1428373742307682
72,-0.0117247465477891,0.3847377633431045
73,0.4286665158225086,0.1194703093274766
74,-0.1846606931391811,0.1113660921848344
75,-0.4618141576712886,0.1274246901843546
76,1.0868709023997951,0.1379275722657328
77,-0.5173358772966024,0.1094221909455258
78,1.3638645560782858,0.0855758671525164
79,-0.1257615591320798,0.3959802277212384
80,-0.4036514478153898,0.1198341495920914
81,2.060139001934955,0.1500015076398861
82,-0.4072038518642222,0.2196745558265893
83,3.3042654133655742,0.0821210429927481
84,3.2376893532055595,0.1852769330137641
85,0.1986232132258868,0.0024267321230475
86,0.2245113149415121,0.0925265399550799
87,0.9320980160453848,0.1010142556209705
88,-0.0292351118700587,0.0521518912182899
89,3.43282395516053,0.3439889836192012
90,2.448099623240044,0.0989462289223903
91,7.064704398117385,0.090522290189422
92,0.4977659951510743,0.1280033041941749
93,0.4744159619229722,0.0156873235818099
94,-1.034977082983712,0.1626863874961507
95,-0.1266306757171702,0.1615596266966203
96,4.052234971649267,0.2652871812782003
97,2.824688072325212,0.0700434348637929
98,-0.0091552444883613,0.0967867183673698
99,1.2817967913605504,0.1915928872626504
100,0.2138555834872002,0.0701372281442519
101,-0.5802069096734804,0.2591127937440628
102,3.971584579331367,0.1694793349061123
103,1.6340995779143317,0.2202235694342154
104,0.405324645331817,0.2046103229777867
105,-0.0957409872682019,0.1343142907094364
106,-0.1463762041209063,0.1205983741722723
107,0.4333536086778645,0.093681559538345
108,1.1660273629306934,0.0664938244059986
109,1.2215387216170472,0.1310410827107024
110,2.66448474735709,0.1850307460431538
111,2.1273104468734707,0.1434789378760724
112,-0.1222740864495698,-0.0043766431814044
113,-0.051432592936934,0.2159243668352301
114,0.2570749487107119,0.0998848367572894
115,1.5205031053038331,0.0111258890329401
116,0.2669744683784498,0.029492924615575
117,0.2744521907026137,0.1226205347542071
118,0.5475300686154188,0.2353939760072187
119,-0.2485688871013564,0.0441505183200174
120,-0.3541657597884439,0.0556477401665565
121,0.9265562851286536,0.1406119419633305
122,1.3074313518025813,0.1857471066716244
123,-0.2860291559297708,0.2686550918517851
124,3.246853933450081,0.2623262751358849
125,1.8205168623480228,0.1178800611078011
126,0.680611912534224,0.2846369125187972
127,0.1100147992678801,0.0563234583747721
128,0.2424980120320594,0.2404942538634991
129,2.914808940177325,0.2968805355861434
130,-0.4771767998718891,0.301229811921822
131,-0.1106060369201705,0.1483277083616184
132,0.5632477555325287,0.1711372656097081
133,0.6347421482987139,0.0635548548341607
134,0.7636725959841638,0.1167767527630003
135,0.4866211421687584,0.1914570652140266
136,1.8380077395721175,0.1146520211879199
137,3.778014813265173,0.1739548384393195
138,3.1931778183618733,0.1330308208537688
139,-0.2177604950739626,0.1978502128844592
140,-0.3210016732690669,0.5022770495096105
141,2.0477187917579687,0.0730497435808383
142,-0.3324609714134581,0.0255294063400919
143,-0.2022152382494183,0.0418035952982421
144,2.131031547990295,0.0892192436289801
145,4.279333894205166,0.0848147292856607
146,-0.9031862795803016,0.0001355326692924902
147,2.423368463224129,0.0561984186111546
148,-0.2169419905011511,0.1173952556416125
149,-0.1444836783021843,0.11555413176666
150,0.2415476099975897,0.099475048477337
151,1.3660423244198834,0.1866164921347264
152,-0.4233835018097192,0.1041257203695277
153,-0.233911080911363,0.1310064343076816
154,-0.3923702453119304,0.051886537701565
155,1.7234624224565294,0.0983019464904886
156,-0.0003709084257216277,0.0506469209661771
157,1.792255600656491,0.054084783087636
158,0.1687570851875092,0.083052035015792
159,-0.0882531081866541,0.0755413686294299
160,0.8365167241638578,0.124199035766295
161,-0.1634569580712211,0.1005242057778823
162,1.418203606372034,0.1567494911016172
163,1.2143801146227533,0.2072194635737063
164,0.0006812482626990246,0.1174903397807171
165,0.0721398421879228,0.2853663186228398
166,-0.2976892178800772,0.0547725549438312
167,0.005807388825729,0.0161119019441315
168,-0.4589815556112775,0.1918060229835133
169,0.5396297026627958,0.2439341240017025
170,0.98074907052536,-0.0025943009009339
171,0.4307009054445615,0.0308011807672632
172,1.5361912182327486,0.1372384044830039
173,0.070441303069575,0.0225401538519294
174,-0.2243673789885652,0.1324076207724746
175,1.512248227850674,0.2787078015877726
176,-0.3854083829087005,0.3711002616586264
177,2.3794116211864145,0.1997066728057819
178,-0.3005429988695182,0.2058214860279863
179,-0.26953939734597,0.0953266066030148
180,4.049703917991768,0.1036499975586411
181,1.7349433585819114,0.0522598061633236
182,1.918179347937448,0.0348433643035508
183,3.5843860030702603,0.3126451804682878
184,-0.3007380967780927,0.3096043170802428
185,1.1649748988625284,0.0768315164775138
186,0.0327635845940746,0.0999407743946313
187,-0.1166939110903121,0.2631862041422957
188,2.234684522849115,0.2142197129594133
189,0.2265407219112933,0.0068782067791398
190,1.3310990471097566,0.411731731005096
191,-0.165326238972698,0.067577941601108
192,0.5559901907734519,0.0630501454763447
193,-0.5116159341711337,0.0861430428563369
194,0.5933353784945453,0.3671239702376013
195,-0.3193861248742377,0.526303274979898
196,-0.0845998846025165,0.13537785781306
197,1.2775538781287972,0.0172022579252319
198,1.825113827296864,0.1015494206318013
199,2.85192821961158,0.0815509490404747
200,3.338527812515728,0.0692113535953138
201,2.742284124006926,0.1146195561881617
202,-0.1939722609373457,0.4081811497572021
203,-0.1775898443472849,0.0818364642614554
204,-0.2346215519074918,0.0932105108855817
205,-0.3850854448415928,0.0695837861866542
206,0.1275393297187087,0.1618732554430497
207,0.0917027192391236,0.1103357764697352
208,0.7411683939102086,0.0244845401038848
209,-0.2520856255082494,0.1414027951350477
210,-0.3805437446115368,0.1395418623365426
211,-0.0825283515024685,0.0465134590572308
212,-0.1768611654963677,0.2062198610283319
213,-0.3602717527565809,0.1948059398696781
214,-0.2877180980267557,0.0009242378618651016
215,-0.2311679501085427,0.2549836838882996
216,0.3683464419852207,0.1148513844073583
217,2.103244765699813,0.2752085831820143
218,1.812668865163386,0.2136273719738513
219,0.1872521143952874,0.2307745435620059
220,-0.356026774390084,0.031611120205132
221,0.6650559809981595,0.1229499787102146
222,1.4877346694054852,0.1224434120125538
223,1.6539132080490306,0.3532246766470818
224,1.2920708355698742,0.4832574014515056
225,-0.2934174160988126,0.0820740887740476
226,1.5066471587167087,0.0331254687157496
227,0.5723669375815752,0.3227195767179723
228,0.3116909931745319,0.1307817728695823
229,0.4557249317978179,0.127313362131522
230,1.139142561895247,0.2321573547231284
231,0.3169617885510667,0.0841447202781888
232,-0.2494674903021347,0.5246268770107365
233,-0.3049370375186364,0.1486301258973239
234,-0.046255466523877,0.2969837370653878
235,0.8030641083918381,0.0889988209379495
236,-0.2415988030322658,0.2109733276994979
237,-0.0179967698425866,0.1250715286790526
238,-0.2794963085692301,0.5511114552893347
239,-0.1257183982022609,0.1614232523429906
240,1.5428000419407442,0.223502208333414
241,3.020303623607932,0.1436631516395857
242,0.2116040629482528,0.2171627850961013
243,1.9743590061696876,0.2023287808051174
244,0.0188980206059821,0.1686543080297926
245,0.6094132591316378,0.1163445472252684
246,0.0879304475946765,0.0957860788402159
247,2.4381297611556056,0.1355074689720707
248,0.5462835557896565,0.1451625552614179
249,0.1556163624950977,0.1408697891298941
250,2.0230450299378204,0.221445702283715
251,0.8768037678074065,0.2965669358983901
252,-0.7888971986058646,0.0130426312657787
253,2.593721311258896,0.1721144388024035
254,1.0806897514501608,0.1633866110467731
255,-0.1581019361389017,0.1613067134449268
256,-0.1396561008570677,0.1702687401279313
257,0.376646940347674,0.1518682090480041
258,0.7095486572033418,0.1069844162877591
259,1.307706658065291,0.1515916825825366
260,0.0909877919466221,0.0895061849173597
261,0.3428607345899226,0.0830974053563988
262,0.5467194921543934,0.1875692970562039
263,-0.0941515509367078,0.2112430903511745
264,0.3410468386106082,0.1747793027950847
265,-0.2822666791586444,0.0259360623669176
266,-0.2739453985581165,0.0904226534788796
267,-0.2395617741436246,0.4451752229074191
268,3.2106426616785786,0.2136820896975027
269,1.3180710045090007,0.0663002633628784
270,1.555145058379884,0.0068798132770494
271,1.1577932073258437,0.1384019942353418
272,-0.1882470170530644,0.0356840594831592
273,1.6634429044415888,0.0789440883029131
274,0.1333722162215134,0.1070361933877463
275,1.245958367423213,0.1179668023247474
276,0.7731092460483858,0.2344390971093685
277,4.126489242872498,0.2067134454612262
278,0.8488594181077289,0.0456396638411445
279,4.553266062372352,0.0939901577096972
280,0.9364317009753034,0.0977641023136696
281,1.2053530744286651,0.0202554312878254
282,-0.3983618458247869,0.0669584866719386
283,-0.0214236990270081,0.1036055643321755
284,-0.037349221449304,0.0026443447511862
285,-0.2358809045889949,0.2051827281842741
286,-0.0680540276246663,0.1195422511624612
287,0.1409864287556723,0.0800560505292131
288,2.2400570504826383,0.0957212320544904
289,0.1926431445281931,0.1757256228253205
290,0.547659911988175,0.062095581925653
291,-0.2172084943889175,0.1238047784330699
292,0.1885860680323772,0.0745701636191579
293,2.778185721574382,0.1676739451974837
294,4.475702341458344,0.0819532916787186
295,3.239019486039966,0.1401791100230991
296,-0.0879904158202102,0.026842943764534
297,0.9985389324322916,0.1144776324197788
298,0.3556734600828575,0.0734975972496828
299,0.3108618060940739,0.2911388373400187
300,0.733050055867114,0.0628478776677697
301,1.7508945732109602,0.0999330174735527
302,1.2902445027270504,0.073819394959111
303,-0.2535084991274425,0.0966445635706338
304,0.0298088951623274,0.1539786548752993
305,0.1028379024856398,0.0520087707918854
306,-0.1808902051763241,0.095485303804925
307,0.4381007571461133,0.2153696764741376
308,0.1139179219605426,0.0056911915115595
309,3.5398319713993405,0.1169635056501246
310,0.2846126139824192,0.1579372837059833
311,4.1526284738434684,0.2521951942801944
312,2.1196127873767754,0.0996030658725315
313,-1.160938040344084,0.2521863243086052
314,2.030820502358289,0.0461595786510499
315,0.3556348642058471,0.0246039499208936
316,-0.224638612016903,0.3848943843091207
317,-0.063074172187414,0.3561728874326209
318,-0.539380444704572,0.3279508159636534
319,0.0609857963739901,0.1061245654161232
320,-0.2046799786133883,0.3298703544042802
321,0.1228073276056892,0.132312052722814
322,0.2411301529923477,0.4172359538733275
323,-1.2104831059406358,0.121461739211591
324,-0.1325827388329018,0.1602696166513487
325,0.9649736735421428,0.0584717733700519
326,1.4810212635972897,0.2113836067290598
327,-0.3214735551832454,0.0899653339664008
328,-0.1222731448095367,0.0663630493409575
329,1.6447233399344214,0.3159933006302335
330,-0.3396058724924383,0.2594933098657249
331,1.5115122496161435,0.1368985922218571
332,0.1731469782693643,0.0316024253960764
333,0.9427634364428844,0.0762517578005913
334,0.0974263654797862,0.0789064683228783
335,2.6303592070082424,0.2420301528661893
336,0.2675818898065043,-0.025882224688386
337,3.8699588714763298,0.1118880225175045
338,0.5117680257544266,0.1460222078569058
339,2.366367436510896,0.0660463476596995
340,1.080951138798428,0.2186310289846568
341,1.1469089868637783,0.1220655583302833
342,1.0012987242547968,0.1020095843750779
343,0.1738128974281726,0.0030169820142651
344,6.284211318640252,0.1019617017485423
345,5.543172412452179,0.115360284880287
346,0.0487537834748349,0.0653304084349715
347,1.4687124545897998,0.1009301967444038
348,-0.3315569294873911,0.1724252608346507
349,0.6450892796900168,0.1473262417913922
350,0.1373955459509412,0.145162066936831
351,-0.1957531832583994,0.3199241506688191
352,-0.4751057723172935,0.0107440804429858
353,0.8299177356672103,0.2387934815071566
354,0.0580087079150117,0.4762501103773934
355,2.6396973936496666,0.0872174733799428
356,1.4990016361881833,0.1300591090959978
357,0.0808399820809487,0.0732473012064237
358,-0.3424784181974902,0.0865639476436717
359,-0.2770166871454473,0.0969599328544258
360,0.1497345202139726,0.1402402072732656
361,0.3320867448334946,0.0941379197428801
362,6.017389038000226,0.1147214353652577
363,2.109334328615226,0.1068514100686377
364,-0.1287708906120546,0.1985470319556269
365,0.0993510255450313,0.019486119530951
366,-0.2319098340346365,0.0607583631045185
367,-0.1986881169519921,0.1055273461620379
368,0.0725548634488141,0.0908059793852227
369,-0.2384107381025391,0.1220195258034861
370,-0.2821070377470931,0.0097223741595087
371,2.5553095981036886,0.3114037909808977
372,2.0906090534523574,0.2107010156614383
373,1.7690499386797387,0.8143302344059273
374,-0.0336730925354763,0.1944809292108552
375,-0.295252421820965,0.1515675703151268
376,-0.0821553498746869,0.2131870847879817
377,-0.0868213849017221,0.2287458466164062
378,0.70290001852382,0.1067984424422633
379,1.155287322914072,0.1747239827006362
380,3.7591619863554993,0.2479992042162415
381,1.4863078741007487,0.1017181166140099
382,1.81202154031904,0.0709652665405441
383,-0.1507608945884289,0.0185670406387399
384,2.69541828467447,0.4374372344226238
385,0.0326129840778571,-0.0096658285455765
386,1.5681522227962492,0.1968855064542965
387,0.4394789333124971,0.0658540995279737
388,1.5561393854644732,0.0810578315927649
389,-0.1617083720478142,0.0947839436104293
390,0.4447821025999181,0.0913444487829989
391,-0.4118071415808128,0.0269277266967535
392,0.5865830500905004,0.005310212185508
393,0.9287689086406212,0.0123804680529645
394,-0.5342222720408171,0.1813821111305428
395,1.0367900896436228,0.3263506571031265
396,0.0558869974206907,0.0975718762049399
397,-0.0711052790047652,0.4801571142750109
398,0.0812900752417443,0.0649739585436971
399,-0.0034239039497337,0.2697348252503563
400,0.0058328971967718,0.1133159253505845
401,-0.8272299403891793,0.0219977409483747
402,-0.2738091147947196,0.1382110276024317
403,0.1932365926599298,0.0610968375529538
404,-0.3355301793587941,0.1575441415904749
405,-0.1711154112852455,-0.0073730169023127
406,1.8189131327273929,0.1108976312768766
407,-0.3225623381197531,0.0613278920659517
408,-0.1795503421810616,0.4006996991749101
409,-1.4453152003406675,0.1575792960723025
410,-0.4633100609384214,-0.012043795164734
411,1.2512820002070302,0.0726926202784524
412,1.1594537536931393,0.5174902558452483
413,0.0781334539448651,0.1461268876478079
414,0.1821813641125341,0.1369878766721478
415,1.314162624332979,0.1964850105304137
416,0.5909823715750064,0.2148669343020236
417,1.450124820847155,0.1237469103447636
418,-0.295119077347273,0.0942603491762928
419,0.1359566562318371,0.0981046549177078
420,1.95004037498205,0.1356853191421358
421,-0.2662867818971575,0.3720959019702116
422,2.700909849525988,0.1546155916891518
423,0.5753029355315826,0.1892918937801756
424,-0.7473288526004014,0.0158893501042937
425,1.1048027779652174,0.1754330741273138
426,0.0029557943956258,0.004235955269816
427,0.6543045694703716,0.1217161718059498
428,0.5721295770346742,0.1067849085277179
429,1.1017488887280682,0.1773535533921281
430,2.65472986243984,0.2798978452646543
431,0.071925181295425,0.099338362441611
432,0.6663273250995193,0.0182377658951623
433,0.0048679011683006,0.0863683859038897
434,1.187700157510836,0.2405410460093455
435,0.5552254603244675,0.2327349389099927
436,4.095848954072212,0.2350265156653365
437,3.3148347308323616,0.1846082560522962
438,0.0481606574857909,0.2005746939448884
439,1.5805076436758176,0.1040585054071497
440,0.2924508869123801,0.0979113097286252
441,-0.454075851883956,0.1994593247797974
442,2.140905622373821,0.0826555544206178
443,1.9142129468920976,0.1604053655806463
444,-0.0841704213914091,0.0154984169524556
445,-0.0514788965939285,0.0217349015211449
446,0.1665365352125549,0.1120899850830004
447,0.0898278772681386,0.033672167895004
448,-0.9073109860458752,0.051749255193242
449,-0.1091431319010268,0.3809645103827281
450,0.7463912530325514,0.0579922979710067
451,-0.2275101489999473,0.0025663559855107
452,-0.18961067956015,0.1998786847045139
453,0.2937002918937742,0.0142286573504509
454,0.9173466526373104,0.0968876203928012
455,-0.2805836012429438,0.1764720979603356
456,-0.198698934702183,0.0836383222027446
457,0.9498854989070442,0.0108939886267598
458,7.497960318730104,0.1499667239862792
459,1.1840413365282785,0.1145743313598031
460,2.973287177776404,0.1941260264809503
461,0.2464070614764586,0.0236799825924587
462,4.1404963321739805,0.2170588685910779
463,0.4650800302321236,0.3456458225148169
464,6.361429308265887e-06,0.1377760564238298
465,0.2553754018911222,0.0867590491233346
466,-0.1182898544941989,0.2450783125142556
467,1.4562348195205583,0.0734192441996479
468,0.199010167616497,0.5089945524921833
469,-0.3257867534715808,0.1832464547740679
470,0.2531788549831663,0.0484241198585304
471,-0.329536709304135,0.2141162789334506
472,2.7612491163055606,0.0791829298417005
473,1.3604344143597706,0.4406177589306075
474,-0.1114433173584901,0.1397386025634292
475,0.973128730294637,0.1847953907404246
476,0.2858166725050177,0.1600638020980893
477,0.0059355059869264,-0.0004265685964285962
478,-0.2247853554222557,0.0563180865278431
479,0.4528708360505007,0.104597067124985
480,-0.3584654709445272,0.1410302162217308
481,-0.4274740730234053,0.2839498527291073
482,-0.5031911199216292,0.0624765665688956
483,0.4219790239272369,0.2015073081369851
484,-0.1838560934530636,0.0373773500628158
485,1.612389531884381,0.110850893493424
486,-0.8107352705752362,0.1673402702963862
487,3.0820143408269525,0.2189636362933979
488,0.4730791150514286,0.0751791561640718
489,-0.3292528004327412,0.1158995946061024
490,-0.1380616905448831,0.1438887691800556
491,1.0170930776951588,0.1046922665473927
492,-0.326976753481485,0.4298985453195509
493,1.0820421462778556,0.0467229359338195
494,-0.6126724531466453,-0.0052475641479782
495,-0.2968022587315549,0.0418558983389925
496,-0.0829909629009554,0.000188179875781673
497,0.7062984782457802,0.0651753777003146
498,0.8540314528595705,0.1552187234482051
499,-0.2609367123064865,0.074516658242075
500,0.9711733797191392,0.1748364730793214
501,6.278769871059703,0.3788679135952746
502,0.7599858814430813,0.1380205013937796
503,-0.3508132464245588,0.3795425470036294
504,0.8526477973601523,0.1188863705622047
505,0.3232136994243803,0.1556143043680011
506,2.362636075334012,0.3809731840956908
507,2.073909014094659,0.0661314986534591
508,-0.1998707024909665,0.1586843475537722
509,-0.2543095146926654,0.0173718699791639
510,0.3547633689304132,0.0948616645411762
511,0.3660866648456684,0.0348177506304991
512,1.5639213706134465,0.1174308834530969
513,0.9453983185172836,0.2298492853288414
514,1.68851834383527,0.1138320038232351
515,0.0179603900398185,0.0776702700454674
516,3.545895712781842,0.1257223567813039
517,0.0937264602441697,0.0840273902306704
518,-1.716336560937717,0.0969658249822745
519,3.717345143226965,0.1065000604654426
520,3.3764421155198825,0.1170373481539401
521,0.0405405669865577,0.1094579380526402
522,-0.2008373865554045,0.0118475207242179
523,4.062451847124541,0.1855331330813117
524,0.9717403401152788,0.1727054551001505
525,0.4640122911198235,0.0743877905802025
526,0.8567104433312909,0.0100797982939316
527,-0.0916151055162407,0.2225839854874511
528,0.0142500457448573,0.1402328658354082
529,0.6162098259717129,0.2279143061414517
530,1.485108187001425,0.0993787769197592
531,-0.3640216392181542,0.0934733099492288
532,-1.2000319615270365,0.1902775246761405
533,1.1998990942952024,0.0347333670057666
534,-0.4953579759948691,0.1223289085453583
535,-0.2564505315304387,0.1889676987978935
536,2.6974206137141783,0.0563720321394417
537,1.1567945020613544,0.1944228060672673
538,2.9771459032257326,0.0783958987756855
539,-0.0584811856725605,0.1681821042085676
540,-0.113749507974268,0.2612044985761461
541,-0.1962982637254114,0.2999271620186674
542,3.68928469548006,0.2738512777321654
543,-0.2960851124473165,0.4497558565050319
544,0.7774904517194636,0.1620743300792148
545,-0.011465266661444,0.0106123138607164
546,0.1071878992622598,0.0946015024392941
547,-0.8905149902044897,0.0467548353798374
548,-0.1840464890003951,0.1605998803799346
549,-0.2109607931245755,0.062451986048318
550,-0.3615536451688373,0.2018023549880564
551,0.7744046870366702,0.0458686451542428
552,-0.1806003005175253,0.1919221946690068
553,2.654012551082878,0.070455157065674
554,2.155195124393087,0.1610439997901039
555,3.0254421252340604,0.1037989973450273
556,1.5894226519355117,0.1194395632285133
557,0.2210134350947272,0.4476122511223264
558,1.4247967299735813,0.0828040515371748
559,2.890888610040105,0.1173853927059918
560,2.961868212022781,0.1318548084461622
561,1.911522501469028,0.1423313110492329
562,0.3076487906420564,0.0682645501184262
563,0.8413344281436987,0.0972980070385767
564,-0.2730083388119613,0.2161824271809989
565,2.141419850621134,0.466746403755589
566,-0.247535490569672,0.1155523953621289
567,2.770581235753906,0.1379717773420809
568,-0.1529490480991042,0.1109797969818287
569,0.8358777556559283,0.0489291775437264
570,1.7999222060342142,0.4753627259903407
571,0.564232476799061,0.0198292312555461
572,0.7164994502492548,0.3739975258245303
573,-0.4294322625543519,0.0265882722630262
574,1.16257267606338,0.1176213789963753
575,0.242239629400077,0.1766198089145675
576,-0.4184213633543909,0.0164422877611184
577,3.823437287352953,0.1224015915896405
578,0.1207726333087317,0.3041088892941176
579,-0.6533864602802614,0.1302678801384846
580,2.450041379633228,0.0870724750884953
581,0.3521847239196594,0.0213436402069605
582,3.2284786579992173,0.1178789170240606
583,-0.2394538509688921,0.1461429167985281
584,4.894467412809422,0.1157578195520426
585,0.2399934264254661,0.1129134219349642
586,-0.2038966580197199,0.1843692753293961
587,2.155070662079732,0.0339376314971979
588,-0.0677640626132504,0.104452251590408
589,1.4248626624272724,0.2003002428888357
590,0.0098007241180497,0.1184889126289787
591,-0.0123173209996177,0.1943127982598937
592,1.7060644347968406,0.1276163363979838
593,5.478387713421124,0.1160344703313887
594,0.6466809579079225,0.4035066311843929
595,0.2896036676963018,0.1539518449444567
596,0.83993339346213,0.1746871179259282
597,2.538011872611842,0.2894381729568591
598,0.7654851695426695,0.1170095432550469
599,0.254484558903676,0.1020400794684665
600,2.49081693064159,0.1577672585914336
601,0.9634796654801794,0.1324777152622851
602,0.905171778021221,0.0802906043785098
603,1.4312866457031292,0.1420431780159888
604,0.2045787121715725,0.0733385865228312
605,0.1326641669034559,0.0976614346262481
606,-0.160646974573765,0.1194036573037355
607,-0.197801837707872,0.1124187480055964
608,0.3256449982129408,0.1206286721814585
609,0.3974467334005397,0.0869452779980416
610,1.918675929831288,0.052503016805298
611,0.7238240308369729,0.3182614158930371
612,-0.0937025382510503,0.2285514102926327
613,-0.2264838612349159,0.0080968485250541
614,1.0455734109003616,0.0237620543130133
615,-0.5543748504429878,0.2266412395501164
616,-0.3226633672194811,0.1257209732858173
617,0.7870506564754691,0.3362617202599167
618,0.1004332939090932,0.015393582643467
619,0.1616250407254917,0.057752287009402
620,3.030613714721237,0.0650077169827281
621,1.50785140890635,0.0754652804350306
622,-0.3292916775909233,0.0841149267048877
623,0.1006430929826574,0.0680291796476273
624,0.275819607286778,0.0866524135350241
625,1.0788863806065372,0.2042586690798894
626,3.8506711468174686,0.1887309463245719
627,1.881473868177232,0.0840574172664149
628,1.8271940929104675,0.0351549812862933
629,-0.2017725911520614,0.1219615040543734
630,1.551235368298529,0.1161918503033209
631,0.1159646706811051,0.0973786081469283
632,-0.2140923735776813,0.362118513283191
633,-0.2983576493821055,0.103975319712181
634,1.1917256282780098,0.0292232837675873
635,-0.7522928639602425,0.0478731980267509
636,2.4058945132124774,0.2987452508453175
637,0.2507488480615367,0.1383554038297921
638,2.1049085833270005,0.0464241475660989
639,0.4238298410857248,0.0267260237678194
640,0.6763009878412302,0.0482195073754595
641,0.6461399275601272,0.0534513541094475
642,-0.1013491994947262,0.2048187347706663
643,-0.1137522046541627,0.1219048956951286
644,2.5041394567888924,0.0477381291242782
645,0.3090961507073476,0.1031385440016191
646,-0.1453911045138271,0.0600388116742427
647,0.4044701627194388,0.1157021626445422
648,1.2833582233573213,0.0724662573346911
649,-0.0472934565612888,0.1217299748645699
650,0.4086881675280833,0.1671952536888857
651,1.8582570903718911,0.0224933681394222
652,-0.2743758724290877,0.5246592158841492
653,-0.2421931925055099,0.0838225177242487
654,1.1229926967949548,0.4016665914934308
655,1.7131672365279675,0.3387258055499
656,0.817270570751644,0.0735890927858415
657,2.117982707252088,0.151522362199757
658,0.3725219639713403,0.1427451893849229
659,0.9872024296808988,0.1562132251844042
660,-0.4724512520698931,0.1160676040916728
661,2.054560920691316,0.0588113693944567
662,0.037009334474447,0.3913732987846224
663,2.9822191978665478,0.1257171612964854
664,-0.1255478540149631,0.1741728948868741
665,1.4440121515027284,0.1898608666362053
666,1.856552831942018,0.1733677771308919
667,-0.1851932187192438,0.020411372634739
668,1.8033030106143584,0.1506801577835876
669,0.6014806481378133,0.1658347403350248
670,-0.100338337769058,0.3346232452026958
671,0.4070478341243516,0.0779698567752794
672,1.557979455043297,0.2409869451649243
673,1.319721109070099,0.2847016795825023
674,-0.2591833294478402,0.3126734295211871
675,-0.0894380266526088,0.3661280106971363
676,0.1456177761923932,0.1339992882988331
677,0.2505092412341382,0.0064774210510963
678,-0.2452188440861024,0.1882088975174989
679,1.778316707720525,0.0828992190451522
680,0.239221599474377,0.0995547449613616
681,0.4495695903316667,0.1146520021973118
682,-0.3771306244189659,0.1652252641848707
683,0.4529980612723068,0.0035099763786866
684,-0.0635334929314751,0.3312396935651029
685,1.9080219390410544,0.0359153846205044
686,2.7832919528568616,0.3328032587386029
687,1.626083338825656,0.2511067904089699
688,0.3595776963585391,0.4524799097182245
689,-0.2171950676531512,0.0337920662095781
690,0.3033545710996583,0.4135872347355318
691,0.6306068285509524,0.2808713283843136
692,-0.2083084383737445,0.0496218727683284
693,0.2721553866382049,0.1317585090507459
694,0.1312687318806968,0.0904772625991384
695,1.4991805198378931,0.1920784654641102
696,3.3553315370795667,0.2008937368914516
697,-0.281093713803085,0.1386670454761931
698,0.4194995457037171,0.2082216903018289
699,1.4773485483895694,0.1242291112317725
700,0.3264463001003982,0.0239822106470956
701,2.2202489456033816,0.2746525392108603
702,0.2924270700917478,0.1414477167112851
703,1.8850562301028349,0.0937340473366206
704,0.0072806645272379,0.1103007613596695
705,-0.0701161669680761,0.0508127929614486
706,0.3669058519591891,0.1364294625224155
707,0.5303507426202525,0.1140627905517831
708,1.4776962982984954,0.106768308308804
709,3.756534243981256,0.4042867695236075
710,1.1211259425538358,0.0510493385502546
711,0.1753314707178651,0.1419730187604595
712,2.074787560427909,0.4182222412571939
713,-0.8705391291838267,0.1579399714080777
714,-0.2843646664797415,0.356461841362698
715,0.978720884556888,0.1952977458411544
716,0.5809097185506445,0.2006942189951992
717,-3.429553107411887e-05,0.0056092625432248
718,4.958310961976338,0.1005391714035674
719,4.178282707963005,0.297357411342018
720,2.1661113597715,0.1605754761186921
721,-0.2771207193183526,0.1595229864975828
722,0.2844572518565629,0.2247235371837968
723,-0.1504455098741446,0.0651780483868738
724,0.7662341716769858,0.1204232068521419
725,1.7746428287214329,0.194299165017711
726,0.8914971598778021,-0.0019384697364217
727,0.4910668779851266,0.0372069557237779
728,-0.09040734358171,-0.0145167592468271
729,-0.231954082472872,0.454951022570778
730,0.1571794556751465,0.2789791905543699
731,-0.1501378866841157,0.2415473561694586
732,1.815885549896392,0.0618807471743215
733,3.5531433355214856,0.5072290364034727
734,-0.2581338872723527,0.0261400078779015
735,-0.2460045524455649,0.0344950374974911
736,4.250081109371752,0.1114563243142218
737,-0.1495356663218578,0.1323359035619069
738,0.2639268253099583,0.1955244642976769
739,2.288623290688641,0.157925028235038
740,2.1297930522244317,0.2691472403220625
741,-0.2268487988945464,0.1046345156330393
742,0.0743808520529014,0.1155988891500737
743,-0.0194625365787429,0.0665373540085182
744,3.654726704012909,0.0619095728326211
745,0.0087998583366602,0.1666456061982708
746,-0.4748189298791949,0.3427978860826356
747,0.6368421011152005,0.4672585515391234
748,1.1690349281450425,0.0737227952305711
749,0.5068625865752526,0.0109957715713611
750,0.2597749556757961,0.0435812617370764
751,3.050435555742098,0.2020113805551474
752,0.1781927040721784,0.1187981936301489
753,0.0209934077450696,0.0399412956934888
754,0.825020827386725,0.1169444616261297
755,-0.2113750303710067,0.4397051571898512
756,-0.2003846457937656,0.3759875317674983
757,0.0107524233141816,0.0678815848018987
758,-0.0012149965077223,0.0672847515594354
759,0.773877683459868,0.0184424185847578
760,0.7602348464205277,0.1834796900813582
761,0.1034736919403973,0.1494769626541507
762,7.278716384952997,0.1342099484718149
763,1.319744861847007,0.0587123637319355
764,0.2673276444761349,0.3700843534640105
765,0.091091847530257,0.1106209552434167
766,-0.1138620587175074,0.0995671880118429
767,1.8730771314903507,0.1337418060867461
768,3.8330400208717386,0.3032153949296722
769,-0.3440980958160736,-0.0078565652191042
770,0.5438717500767486,0.220668031539012
771,3.19399418785152,0.2438841396893933
772,-0.0029748376637818,0.1337370346975155
773,-0.093659818742505,0.1849630633072122
774,-0.2557642754418596,0.0260526769477303
775,0.8983764172815745,0.0348232051843084
776,1.942361430071912,0.1478085196071918
777,0.7294148924570603,0.0397883348728634
778,2.348434451340809,0.0400348410757425
779,-0.2377666455350082,0.1400938710476535
780,-0.1222517910168487,0.0971006209254029
781,0.1696629079019418,0.0945599652970548
782,1.2268219907883158,0.0698216110841046
783,0.9803305977794254,0.1314780809171507
784,0.7476646038624868,0.0520369590722612
785,-0.3529351938192985,0.0764264297795251
786,-0.2534262170409475,0.1100396353776425
787,0.8421604515595027,0.2662646810858511
788,-0.0573952356015109,0.1219324016340744
789,-1.3494586670990698,0.4070963354093968
790,0.3257515819693143,0.1689162222113978
791,-0.075349300624506,0.1635697393995877
792,0.0666569270685372,0.15647874257472
793,-0.0516430332767866,0.0032284721608984
794,-0.1623871067185004,0.1711509506715316
795,2.427727073414339,0.2287593332122399
796,0.7734658465994338,0.0963870218027139
797,0.7462140165368523,0.1371650079569215
798,2.629172413379837,0.0646921660204833
799,0.1777677319981372,0.4410641129950249
800,-0.1511333505449487,0.4428397391364465
801,0.8743979973880913,0.1157803032509907
802,0.0911455096970466,0.0310100414989018
803,1.0639565322688644,0.1322333400087751
804,1.6271092647458834,0.1591242704075788
805,4.466667137409773,0.1771264340353887
806,-0.2659723489000383,0.1026945352553393
807,-0.0197328171711118,0.0149727085551171
808,0.1452224175637701,0.0319570842429904
809,1.331185295147061,0.4011601573330946
810,1.047379784037127,0.2044363627733883
811,0.2652229928605973,0.1313141970799283
812,0.5917069101219127,0.180041603653582
813,-0.2270168629607147,0.1198369184014942
814,1.4306682009361122,0.105426069957844
815,0.1885536414012119,0.056589569659418
816,-0.3449055304368624,0.0947211251792629
817,0.077060214688105,0.3232333017513056
818,1.6561891078956954,0.2055919897418009
819,1.357519195909724,0.0946030961378154
820,1.0651517067392728,0.0508788993289393
821,0.1416973739998066,0.1368590461692934
822,1.7445065546980727,0.0788903780370205
823,1.1962095324290145,0.242307754827025
824,-0.0437645709597254,0.0870207035635078
825,2.509020487914694,0.1396787563060544
826,-0.2926982912213419,0.0631354308817196
827,0.8760914779799325,0.0537577015670784
828,1.2658835882847217,0.0455670231248997
829,-0.8517188298717758,0.0887381683084061
830,-0.0957431109415597,0.0772635735919268
831,1.2859456158154725,0.1717769038493041
832,0.2575385248962313,0.0858958370298402
833,0.5196072142568952,0.3581178047257889
834,0.8730939783943561,0.1458300074183209
835,-0.3923488093989928,0.1236347400059033
836,0.5374292500125462,0.1359322268621877
837,1.85180440524465,0.2016220577933289
838,1.0275265017524116,0.1351406133933318
839,-0.4764497112856559,0.0159106069369435
840,0.1343991621404112,0.4592784245348426
841,-0.3084425851369466,0.0865801739023495
842,0.250119357841555,0.0905052974413673
843,4.35628328373691,0.1414637759093421
844,3.003731571406164,0.2224904064384031
845,1.5025313921674364,0.144897136446736
846,0.306604217424788,0.1583835996459565
847,0.4904878902697885,0.0098513133951496
848,0.3157795660220769,0.0679967669788463
849,0.0349126590659277,0.2496866756234642
850,3.0008955187796813,0.0822119083484198
851,-0.1585328228822588,0.1194930107434848
852,1.189716998738951,0.0546546793073013
853,1.1683216675869972,0.095191234377455
854,1.0514513596087451,0.0821030015291668
855,-0.395859418942535,0.2245737041554039
856,0.2568009551998349,0.4785683241968741
857,-0.2820671269559724,0.1753291914879475
858,-0.4825504700504373,0.1117521589875381
859,-1.2485139941305905,0.304768690041436
860,-0.2825247712467709,0.0979310233797532
861,0.1817197652730956,0.1062661986549824
862,0.2531915885266674,0.1003821543785639
863,0.5941895582122932,0.0895612720108728
864,0.6610758809176641,0.4041025262765438
865,1.0134863145693018,0.1056224973606178
866,0.014119395932164,0.111760786510364
867,-0.0445127912853221,0.5024130468149041
868,0.4468277166289772,0.1181202212521801
869,-0.5270334640011917,0.0781286609017591
870,1.366824415546788,0.1673873196775889
871,0.9988338387700452,0.0764178525683428
872,2.3540982174828327,0.3986064643295514
873,0.1691399263315954,0.2785805412240909
874,0.5679490907538822,0.0541217113438523
875,0.0845697284816367,0.1328317189156998
876,0.1883032069893434,0.1422102180863695
877,0.311929839134802,0.1052850100014167
878,2.226877091116434,0.159117665929453
879,-0.2161407500705286,0.0420060676219048
880,0.0843558154773751,0.0583021275239777
881,0.4920499735803075,0.1829269431691615
882,2.3475474014268225,0.242265182357093
883,1.4491678388439309,0.1424144007652453
884,-0.355197072998032,0.3440048512196881
885,0.4489090796053152,0.0160627293733622
886,1.219960420340526,0.1127831962802143
887,1.1068650014438188,0.0491636011719797
888,-0.3556551807264095,0.1552599391177455
889,-0.4997523897520817,0.1127262323002334
890,1.5966461823071434,0.1830489903843791
891,-0.4245514660482606,0.0776662523902485
892,0.4215041007128359,0.1455380536277228
893,-1.5624858770822214,0.1145277121574382
894,-0.1042622190194561,0.0208269922137217
895,0.0797810473606846,0.020501580034773
896,1.5256893177137687,0.0379949204394926
897,-0.3237516170810373,0.1895936766697952
898,1.493500147584362,0.0737922754641518
899,0.5574375776792568,0.3707931739695048
900,-0.0103136998859303,0.0476203887133535
901,0.8508546130279375,0.3815794110257935
902,0.436018862824473,0.0164648480213666
903,-0.0127383983643555,0.1204316894717901
904,0.7566116278445207,0.1517591263011981
905,0.3775916609324568,0.2550760541211186
906,-0.327556537831417,0.1489831581206026
907,-0.0632074779362417,-0.002293380318127
908,1.4853213561057264,0.1645700164145162
909,-0.2504131828234141,0.1437543519598891
910,1.705671601092817,0.1928558863290181
911,-0.0554197101054891,0.2317060523914556
912,1.9388044839706209,0.1447989684636231
913,0.0717643080156965,0.1438670700714975
914,3.611468754814612,0.2222523495336538
915,0.5967920522170025,0.429563688787745
916,-0.2453222338573542,0.1939807961280429
917,2.68335928428163,0.2262359802160082
918,-0.1250009720053679,0.4889673829904917
919,-0.3588699613798821,0.3680905617577305
920,-0.3440376046020735,0.1859769061071847
921,-0.120737747179484,0.3418637484990225
922,0.1795166127127071,0.1112427328389445
923,0.6230858166734317,0.1263750168929459
924,-0.197915469321281,0.2864084422225967
925,-0.1433881173124331,-0.0035045064531379
926,1.2605587076632792,0.1148896607654909
927,-0.0918015094778779,0.3027138443669319
928,1.0808173432070762,0.4145755181547088
929,1.467796655833327,0.0584736971534913
930,-0.1101667713828193,0.1325763896756739
931,-0.3235793552723028,0.1598850321104051
932,2.01368967822201,0.091751601950946
933,-0.1018894287454478,0.4304200582719421
934,0.6223262658041444,0.0440496864961908
935,1.7257081056909729,0.0626406795033063
936,0.665737809590909,0.1157044412660361
937,1.2101767616730978,0.1268202794274562
938,0.631261000994618,0.0732766918469444
939,1.8701702357332943,0.5559609289294472
940,0.234302942679706,0.0827945452177467
941,-0.018513961716592,0.0644911825533753
942,0.1989511129450159,0.1827498357199145
943,3.667437048911263,0.2902345502460989
944,1.1043106494602746,0.1860262316815408
945,-0.2195765071826157,0.1003928689602599
946,4.233219913175682,0.1019345313733813
947,1.3564693562954946,0.0827665484393425
948,-0.1933673841457288,0.0455442756526782
949,0.329168583175869,0.2965067814329643
950,0.398622240294669,0.3013995518993937
951,-0.0242889812433714,0.1377098235803541
952,-0.0731732330602442,0.0569510809859815
953,-0.2034133351627637,0.0112821356312252
954,1.996423187936468,0.1886281138478395
955,2.446268473917741,0.1053945488480728
956,0.5188723349272714,0.1142683101028256
957,-0.1074950071731816,0.1010752005274146
958,0.4141877099839482,0.1286867232943613
959,0.3127515270030285,0.0497856923415454
960,-0.2576928896202727,0.2663639656312057
961,-0.2378725554011639,0.2673115383657966
962,-0.1950595791544978,0.1728938493421684
963,-0.3984290385279477,0.1281545506693959
964,6.740185960408551,0.0804212564538769
965,1.3519713144433012,0.0792912393399345
966,-0.0384211494585192,0.0777838147639488
967,0.3728616306049782,0.1077328613729474
968,-0.2153362064020402,0.13226889686729
969,-1.710688590525843,0.003946034961802
970,0.2222519266469799,0.1250936226581576
971,-0.1411179659274586,0.0381738683802613
972,1.6270303359723084,0.0728405945708305
973,-0.2670026227010749,0.017429942767127
974,0.7427581685672444,0.044723139839436
975,-0.1814326354876836,0.1220966569012491
976,0.1140684341551049,0.3075727705609167
977,0.6020537216958001,0.140826625414831
978,2.9534764053504525,0.2632932350242891
979,0.6950767643593082,0.0782611824610616
980,1.622071367040808,0.3860795768928442
981,0.0144019633002414,0.2707572113441928
982,0.3891934036263418,0.1054892801772748
983,1.1540134268918474,0.0648269907629635
984,3.752537928900116,0.1527296743403978
985,0.0335464364145582,0.4243958646097761
986,-0.2152624941927383,0.1410099824814175
987,4.98717898280849,0.088362553305605
988,1.1336283961972258,0.2622502390776939
989,3.2045470031851107,0.1538151140556978
990,1.413072662589874,0.102812439417188
991,0.9285082028278988,0.1404135797524949
992,0.0604705825200755,0.2914148383666516
993,1.0914480409693912,0.1332474305568373
994,1.7008221069436942,0.1662286317785642
995,3.443326513585105,0.0629278083733136
996,3.2557825768281115,0.42849810891763
997,0.4982353793412235,0.112582042567461
998,-0.2732555843505692,0.121946265470155
999,0.1535254869240473,0.0282392980361165
1000,1.1623993503959669,0.3063276919535224
1001,0.5368658625002435,0.163707601119606
1002,0.4380808837453803,0.1100215230004581
1003,-0.1075605080405898,0.0390962331293184
1004,1.2471332636072396,0.0705918659375551
1005,-0.2787763832498761,0.2354746719888125
1006,0.2945660830061242,0.1368012191026967
1007,1.3576160369933858,0.0549632281481567
1008,4.795566000692842,0.2878115748038062
1009,2.8629105407199846,0.2374449272566169
1010,2.370758569829128,0.061968654233747
1011,0.1215301692639129,0.0655712062958053
1012,0.6077350179922213,0.1258504510682863
1013,2.920393925598108,0.1621606731908812
1014,7.854542200639102,0.1166332692743533
1015,-0.0118706799967295,0.2478826035979551
1016,2.5678092339204,0.2764592751025951
1017,1.1153298289510338,0.1186151515964736
1018,0.3236972323476815,0.0129731305441331
1019,-0.5458043940368682,0.0231486035023143
1020,0.2320932698471971,0.2912691803069476
1021,-0.3129244178236773,0.1382447442904675
1022,2.335665738191929,0.2486559686359059
1023,0.1470015673470165,0.0920579827162122
1024,-0.2384071549255409,0.1699110023893649
1025,1.816017995712084,0.1298283854707967
1026,0.281472365062353,0.1364842704989169
1027,-0.0941226659696647,0.1181290108492999
1028,1.9398365433258635,0.0586382075627348
1029,-0.319465340577352,0.0773908820088852
1030,1.9876217253185,0.1892875310453083
1031,0.7269197709801916,0.2115702480606602
1032,-0.675266357506426,0.101884648530876
1033,1.980148389314001,0.2320750988440986
1034,-0.0422083126764285,-0.0018203391897391
1035,-0.2323211105574747,0.3799852647243218
1036,1.0835622658710764,0.011892130847564
1037,1.8546577343532007,0.4069175045080577
1038,2.3278984029110523,0.2239012650371898
1039,3.3562605342138,0.4073784500530328
1040,-0.1052083999084426,0.0964407820990362
1041,0.2540766711986817,0.0598120588013908
1042,-0.2789606875010585,0.1060366906941051
1043,-0.1634764293400978,0.2119576579834015
1044,0.2886439997877187,0.0649561946348313
1045,1.7336752371914237,0.1144180781492998
1046,0.1574443865663305,0.0181321961043623
1047,-0.1870481505421612,0.0116124784448965
1048,1.580258982439175,0.1110621087490062
1049,0.1308392986230906,0.136271164985821
1050,0.1989992292095197,0.0439080223483215
1051,-0.2286006294351545,0.1060817111614998
1052,0.0061216062435619,-0.0042760484882399
1053,0.1879911657665918,0.0243581612439646
1054,1.572853374752697,0.4108837597303727
1055,1.1458160540464477,0.2774626795979298
1056,0.3595396492969033,0.0187904067194601
1057,2.43010923494098,0.076174556280033
1058,0.4254048084295053,0.4183379878589406
1059,3.4257786805159767,0.1345674660352326
1060,-0.3429617837181403,0.2011504132570969
1061,-0.2780419575746811,0.1189336126102627
1062,0.9524289612235348,0.1298713828966973
1063,-0.312136681829866,0.1239944708355184
1064,0.428495749078531,0.0721637766044938
1065,1.4777791437400656,0.1108871027002497
1066,0.0011168588433836,0.1234583320109173
1067,0.0663579881263202,0.3444883755487372
1068,0.934575805075358,0.1089598427198158
1069,3.4650191538228485,0.2825420281445595
1070,-0.453651884487864,0.1694787534942156
1071,1.5673606031305158,0.1617498536873286
1072,2.4460638308989666,0.1423216529476471
1073,-0.3373369347406367,0.1491075294786626
1074,-0.1928250805025657,0.1794164721585215
1075,-0.1162296535383371,0.0582022628014521
1076,0.5658803600331141,0.1453121278210401
1077,2.8431792161263805,0.2210491668361602
1078,-0.1781953057102591,0.0313287057944863
1079,4.159236222135737,0.0887405352230736
1080,-0.7774392576953926,0.0203844960854728
1081,1.276019707268629,0.1123464248079257
1082,1.7436151364310646,0.1165686597917589
1083,3.8064906613916434,0.3874011227489556
1084,0.0076876985622646,0.0718502544453729
1085,-0.2967294515060088,0.071192380871973
1086,1.140232696638112,0.0539862630434286
1087,-0.2290767616608554,0.0364460133319513
1088,2.694313861738753,0.0875381179405754
1089,0.3919005200883765,0.2946824017604511
1090,1.2527194471642529,0.055167378415786
1091,-0.3741739962648149,0.2315140335456331
1092,0.0773505517104161,0.1158604538759369
1093,3.140585092862658,0.3488319590126043
1094,1.3489160951086043,0.0639445914372536
1095,-0.2254789139057303,0.1590558566690267
1096,-0.2309521341908051,0.255690674157388
1097,-0.2547330337168874,0.0749629154694944
1098,2.237538656809282,0.1673088900745232
1099,0.5834005128932482,0.1236309068890909
1100,2.214814153221796,0.1399596013243524
1101,-0.2284102318024892,0.1726226018374568
1102,3.108156201450363,0.1191038677485168
1103,-0.192971103803784,0.3161810053248762
1104,-0.3703604868644046,0.1521586773497976
1105,1.566450390532525,0.2332507727209776
1106,0.3029521629058915,0.0831427796874162
1107,1.0961471303339172,0.2875590887165171
1108,1.3172745259999048,0.0231075975217127
1109,2.041674129269679,0.0786715812696501
1110,-0.0956367037923938,0.1632341293416072
1111,0.2425630627394941,0.1108592724398463
1112,0.4351278491464254,0.1581383437574664
1113,-0.1019133516678823,0.136327832300747
1114,0.6352524341036156,0.3568965846888064
1115,3.403831706575648,0.4441596981298588
1116,-0.4707001804793307,0.3812237922718988
1117,0.1054769446867841,0.0356403461883342
1118,2.549708639064327,0.1052491504718234
1119,0.3743892201092185,0.1189731033020363
1120,3.2216894951474906,0.067749651119801
1121,1.004537003067172,0.1053056206490702
1122,0.7867693502920037,0.0417387310447889
1123,1.545064245347035,0.1452004282617844
1124,0.1774222411926684,0.088735768706226
1125,0.83659561650492,0.1525992176331568
1126,0.1751030255449584,0.0823054449603199
1127,-0.4351684825130955,0.1745155819190859
1128,0.2934870367109927,0.1341277239744481
1129,0.6793229677664465,0.2641159090353009
1130,2.709483339427284,0.3068405351610018
1131,1.2183081037726464,0.0501718013353497
1132,-0.2558044037129511,0.2040017202316092
1133,-0.0888002047539231,0.0298053508574848
1134,0.6280654979650511,0.095740809240265
1135,0.3377344419196247,0.1446026198519564
1136,-0.0327301691347358,0.1611783140174816
1137,-0.3323451420696912,0.4079761483659152
1138,0.28582232487015,0.0872991393148557
1139,0.4031691517114446,0.3335883813030824
1140,0.1730746139596015,0.1641531561557513
1141,-0.1664582820174879,0.0928712420559925
1142,-0.2414976009041028,0.1326931364509764
1143,-0.3503244208190186,0.1645616078542954
1144,1.014568331421544,0.0968661575928442
1145,-0.1793732302537221,0.1154699061030633
1146,1.0290022882542142,0.0850176348343319
1147,0.8837518654442043,0.2860200255139821
1148,1.782047539703963,0.0803339115425609
1149,-0.0545151451140326,0.1662631681061819
1150,2.435771604724386,0.1074437875052529
1151,0.1535413883446092,0.0480828062477621
1152,0.0646229730378296,0.1005218700354254
1153,0.009152695216667,0.1571489304439633
1154,-0.4092616018141667,0.0707380470742895
1155,1.2323098019081995,0.0463251950838705
1156,1.5655976695206724,0.1496004706207496
1157,-0.134562433383136,0.0057806563367008
1158,0.6283374985830755,0.4023539014441397
1159,-0.307512920902206,0.1211946548574118
1160,2.641759589923613,0.32245661879921
1161,0.192165835442055,0.1744176512746647
1162,1.684512839199663,0.1100498855172089
1163,-0.2257594906305823,0.0236443277062849
1164,0.185953332243996,0.1368060785733628
1165,0.4709450959449756,0.1707611422386326
1166,0.5545014891193362,0.0191436571750996
1167,2.5189900195646207,0.1688168825799637
1168,-0.0741836051144473,-0.0049084801706468
1169,-0.3804544232862095,0.1400272623385613
1170,0.3738278521293412,0.146996795587488
1171,1.5277004923012736,0.3223543209065808
1172,0.8817494809474902,0.1736281670820839
1173,0.2731456472471245,0.3343483547204784
1174,0.1582776618111442,0.0633314908237035
1175,0.0570086819935797,0.0431799018636863
1176,1.5774885235972074,0.2956737151780509
1177,0.9647384898250726,0.0850444020954057
1178,0.3443413999936661,0.1067274430876194
1179,-0.2723100814260649,0.0508119735527415
1180,2.700335232843247,0.1487440115318379
1181,-0.099277196526362,0.1770055916496428
1182,-0.1313235720688379,0.1334719280227571
1183,0.1983256762547795,0.1237379511166866
1184,-0.4215088428374662,0.0333417627511509
1185,0.0292686886920307,0.0524359603844437
1186,0.339015857469971,0.0519269781951811
1187,5.276639508314132,0.0980307820119967
1188,-1.351877937383258,0.2250435700850143
1189,0.4825215349272329,0.204290595575707
1190,2.708366550156288,0.1009348887801083
1191,1.3824102336204498,0.060985037981658
1192,0.5061994564411209,0.0517376111577732
1193,3.10343692201007,0.2087457641966735
1194,1.2046196403635108,0.5680669285739615
1195,-0.2438105245531205,0.0927558347623732
1196,0.3849901134720004,0.356345322685236
1197,1.483197307002825,0.116285721682138
1198,1.600153463797671,0.3644673250479471
1199,-0.1190441225081196,0.1990314135937881
1200,0.4589523317105761,0.087958596841395
1201,0.4723939475501133,0.0676706332511289
1202,3.216449049292328,0.2192328755319245
1203,0.1174416874330455,0.1271984447199144
1204,4.049979470758149,0.2321119340340268
1205,-0.4486987601680783,0.0896025532869649
1206,-0.2164194830547343,0.0209996368698221
1207,-0.1486219666762306,0.0840825012732428
1208,1.0242803192562808,0.2029307623823619
1209,1.81276655058036,0.0427664042128171
1210,1.7493020014374911,0.0795907003677323
1211,1.6572343451956704,0.202908715801302
1212,0.8798504613618172,0.0481323936559945
1213,1.4049741545399044,0.1739004143134625
1214,-0.2100570964394763,0.4253568959789854
1215,2.047195775000142,0.129933184757234
1216,0.0040070402768199,0.2035684226886225
1217,-0.2763099403888556,0.4158328396068625
1218,-1.2686016996583405,0.3792110281785987
1219,3.669200690558077,0.2895303632299204
1220,-0.1434873445223378,0.4036582562854961
1221,2.597373737515267,0.4165526309552534
1222,-0.5022488933256182,0.1288482718397697
1223,-0.2515534810366362,0.2076011975480166
1224,-0.2234827893592407,0.0635980653964948
1225,-1.2106916868692286,0.1573001154628667
1226,0.3869567083506925,0.0531931139404774
1227,0.1312771099857989,0.0158185943779673
1228,0.051851655595387,0.3899527993899389
1229,3.0793355752605747,0.4161174412955761
1230,0.2848094394615659,0.0354514276434474
1231,-0.1618665314253276,0.2597326171439676
1232,-0.2420262808090688,0.0095987378715784
1233,6.34721320446417,0.1206981191026997
1234,-0.0138968764314885,0.0309261446679283
1235,1.9086837742450928,0.1771802888015699
1236,0.6430704321228188,0.2536431239229687
1237,1.3890945884774086,0.1142568944198
1238,0.4363867898751149,0.0879288203375027
1239,1.5021781693038294,0.0612447639519634
1240,0.1253174561963941,0.1289500562781135
1241,0.6946790873253287,0.1983345559518377
1242,1.8421737642017908,0.1514653146455559
1243,0.9432857927521224,0.1190912910358195
1244,-0.141506358106781,0.2013650928035694
1245,1.7164022693937528,0.076760790873665
1246,-0.0040009807717179,0.1319802710562517
1247,-0.1376393878308984,0.1121299201851975
1248,0.916669000466144,0.1007851346509965
1249,0.1328516446746092,0.0130831714086097
1250,3.4319747400034517,0.6204582340778383
1251,-0.6114056521623165,0.0324636491701701
1252,-0.2782423617433791,-0.0037474787021602
1253,-0.0405770136920815,0.0812286849612358
1254,-0.0062335304583361,0.09445298400709
1255,-0.0584956067333036,0.0274974872868717
1256,2.235393552778336,0.0431543017014618
1257,3.5793568179247366,0.0898122117280663
1258,-0.2122228743195559,0.1182263659233618
1259,0.5661368223716445,0.1043547123027339
1260,2.882710426277403,0.0949631045259312
1261,3.426779671783675,0.1007729664783499
1262,1.260912569053741,0.1502581326105291
1263,1.2427835550860518,0.0844317874921853
1264,1.539709303462901,0.0487080560093089
1265,-0.1793815594647806,0.1036259138466418
1266,0.5830354746647125,0.0671078243681478
1267,1.0106473679703398,0.0618170473148528
1268,0.858435516101482,0.110182213970394
1269,0.9685898127250008,0.0930661221479387
1270,0.4291634134196214,0.0513467631534849
1271,-0.4014522138947434,0.1022769796850931
1272,-0.2104924918257132,0.1236992899945576
1273,1.520268156185275,0.013005551223638
1274,-0.2481338375200734,0.2086421842234294
1275,-0.191833611219531,0.1185870056977734
1276,1.647726386194131,0.0604366797981242
1277,0.9660417673203584,0.1268868045015415
1278,-0.3003971168590506,0.1484030840646525
1279,1.7336402250471552,0.14735676069703
1280,-0.1489020658159406,0.1481518476076638
1281,1.4802312828869255,0.1531392393849084
1282,1.3571652622578383,0.2412433569116197
1283,-0.0356963933359449,0.1246301238574706
1284,-0.3495817687592192,0.3667865313403317
1285,0.1705540271561417,0.0733253700485199
1286,-0.2271992822849527,0.0359162934119984
1287,0.0831628642464954,0.2614545313896757
1288,2.4698554688718124,0.1130970707822931
1289,3.761919826880377,0.0926682205456179
1290,-1.4666383616438925,0.0269609982577338
1291,0.8946891605968246,0.3728502490402616
1292,-1.636948734521877,0.0594113096412092
1293,-0.1299051815910292,0.3920709238860869
1294,0.4053078364680016,0.2822421292573915
1295,0.5234999016627895,0.1734568568999581
1296,0.1926407783760249,0.0751573354893539
1297,0.5504755287324148,0.1522656595357688
1298,-0.0825518200852203,0.0270941893420665
1299,3.1579670699252835,0.4565350489641536
1300,1.2870377168814573,0.0938910674150884
1301,1.4184456563653962,0.5208419001613589
1302,-0.3278167420250099,0.1126758161386281
1303,0.438767258892011,0.2186146184659966
1304,1.6455470800494534,0.1536838048767312
1305,0.2482170266357078,0.1249759685262579
1306,0.1198687493381881,0.3368241546652496
1307,1.8440642944772467,0.2050926167650618
1308,2.1934971400328034,0.0879733365872549
1309,0.8618953208962321,0.062808505708935
1310,0.4849173318913872,0.3566530717001809
1311,3.002839820594205,0.0610378277016737
1312,-0.2377881036521308,0.0977230080006038
1313,0.249013518402645,0.0378660340637875
1314,-0.0628297552875634,0.1361224954529108
1315,-0.2727583346137454,0.108663967473539
1316,0.256169104419339,0.3101197676398794
1317,0.8952067589411654,0.1495034840926558
1318,-0.2462550864389244,0.4348639183194925
1319,0.4168893304692436,0.0341628227622025
1320,0.1014098620660412,0.1292108029402123
1321,3.738920661831573,0.2511644708049108
1322,1.2810880793435413,0.0894163962832826
1323,0.7992539859692316,0.1308757577777403
1324,1.04345044548738,0.1317193439826613
1325,3.9354814944514898,0.2972140603674846
1326,2.4946374170276604,0.1354859631962425
1327,-0.0078084467818385,0.009796134778452
1328,0.3890389379595687,0.1572300517830412
1329,-0.1945163162882951,0.060704828674344
1330,-0.2417788311279388,0.1757974352166647
1331,-0.2441254678727903,0.1559395713063481
1332,0.4978823311963972,0.1257411608012383
1333,0.9366898056143996,0.0588707291314276
1334,0.5044590498619173,0.4201104023004298
1335,-0.3032319471648175,0.138806080148065
1336,6.151932635654805,0.441862626611199
1337,-0.2795919500458647,0.1663841807956287
1338,3.694779790803585,0.0963002959785797
1339,-0.1951400390916461,0.0212329075947844
1340,0.3119029148480722,0.217141760137877
1341,0.2539834773765533,0.1960868179825182
1342,0.0314463507346397,0.1072015152145858
1343,0.9281879409130688,0.1028709041012317
1344,1.1292286502537512,0.0239414058063092
1345,0.596708765824119,0.2186222678801275
1346,-0.3084561755078894,0.2040109462426746
1347,-0.0381251274566883,0.0683174747085744
1348,0.8675827159932838,0.3353534112243437
1349,0.1785183300392595,0.4508099500471157
1350,2.4614704089445927,0.1103966953903803
1351,0.4959878583428941,0.1141929742699647
1352,0.5226167373520669,-0.0051978232774698
1353,1.4066980085208356,0.0521582489965146
1354,1.6144616103659015,0.1977682365922645
1355,0.5465348529951837,0.1375784624842778
1356,0.961775996055185,0.6396902961972268
1357,0.9304458081331216,0.1274141922793034
1358,0.8224504882836565,0.0791333602112471
1359,0.5507155939237488,0.2892382732073353
1360,0.2122719268012509,0.0664853803563632
1361,4.613103579477898,0.1865350070113958
1362,1.051932155509956,0.0613017376158996
1363,1.4479100577357908,0.0616111005461264
1364,-0.2474706140449823,0.116036660543048
1365,-0.2954456617105531,0.4198365179269582
1366,1.5166565062906414,0.142530775173181
1367,-0.0729219876984836,0.2248688300558011
1368,3.612715905998791,0.3590321720501701
1369,1.0179195121290785,0.0414771308701145
1370,1.1583050363112757,0.1234784841356086
1371,3.966001516494141,0.0694950808048064
1372,0.8411050341177786,0.0949310168448612
1373,3.0024237763073414,0.2010071419571028
1374,-0.1922323818903212,0.2918269916033044
1375,1.2524435351904586,0.1729485714265667
1376,1.856970985841755,0.0808678511371658
1377,0.0484044713763938,0.4440629696585044
1378,-0.1123175470364267,0.3300338648492057
1379,1.559809089251587,0.0874445544894503
1380,-0.2017288424296821,0.2182277820313574
1381,0.1567697568456135,0.1324394259790932
1382,0.9003665913032219,0.373076970554152
1383,0.8736485631554887,-0.0146238781760668
1384,-0.2837530977548318,0.0465727735935367
1385,4.664394773303263,0.1810957425210098
1386,1.6031474530628134,0.119594811694667
1387,-0.1530015726309944,0.011019971851395
1388,0.5829291048822696,0.0849879205862194
1389,0.675947459516083,0.1521241227234487
1390,1.8264061040544053,0.3638325111966395
1391,-0.1217990080864903,0.0422675111569388
1392,-0.2959450995770099,0.1603513228475953
1393,0.81612531964172,0.0311265377252614
1394,0.1670358562766564,0.0718062020636417
1395,0.5018068056376387,0.1009513769711207
1396,1.6855663939549888,0.2458942441212303
1397,-0.3093096954263715,0.1326659041169959
1398,-0.0820943374530774,0.1652990702099769
1399,-0.2788498234321898,0.1045047560366109
1400,-0.0361770904487161,0.4208488305235044
1401,-0.2157755999532801,0.0303907826804419
1402,0.0945358734636514,0.0912736213061722
1403,1.8556251264911077,0.3708580006395461
1404,2.2074370897284594,0.1974945105472307
1405,-0.2754506213454308,0.1624247822957761
1406,2.503859707919624,0.0814605302051188
1407,-0.3926446413668417,0.2159602423997812
1408,0.958334930911194,0.4052613950569049
1409,-0.5686241333258792,0.0287019058960771
1410,-0.2083394844162261,0.1274592367445005
1411,-0.0880958257768607,0.1106473492818356
1412,0.7395357250106811,0.3334697415697311
1413,2.861103074485289,0.2945648401107562
1414,-0.0997219236538402,0.1435272905397515
1415,1.87865085910352,0.480213359677699
1416,0.0242747202051911,0.1408015068369579
1417,0.4628777492939714,0.0713583839540234
1418,0.2787652539772667,0.1033879569622794
1419,3.796012784390521,0.0682192816187733
1420,-0.1623814118516654,0.1966568918959196
1421,-0.2633428234235884,0.1075054509638855
1422,-0.3020794009607827,0.1670830208899349
1423,2.572875474899112,0.0867159532000335
1424,1.8382365199759831,0.2569302736859779
1425,-0.1912646488664477,0.0599126841989624
1426,-0.0095969235283256,0.1625477962090898
1427,4.133004523238837,0.3614002321981293
1428,-0.5318180252284307,0.1779952665921069
1429,-0.1522347059213073,0.1979477062795732
1430,-0.0454651070444699,0.2603780464776407
1431,0.6941798751604917,0.1225049245575502
1432,1.9682287008214032,0.2181718741846292
1433,0.7539049320323599,0.1931892549044619
1434,1.413235758681593,0.3023036073903303
1435,-0.2868421806075843,0.0788355683843489
1436,-0.1413918168265127,0.0939311157904822
1437,0.0369057474423932,0.3528169656475255
1438,1.2089933564315745,0.2521083853814652
1439,0.2040509049042913,0.4903993117061824
1440,0.5145626353978868,0.0225076354383583
1441,2.4929851385523936,0.056483000878637
1442,-0.1788415357596198,0.0862660865532791
1443,-0.0708367248904078,0.0578963764194239
1444,2.159684146291918,0.0844386487354251
1445,2.8099888468230216,0.0681905228382686
1446,-0.1140485195213105,0.2078930766312127
1447,-0.2946590285067405,0.0104181057640725
1448,0.1956231832513621,0.1335997650759851
1449,0.8385111509300933,0.0837433633811211
1450,0.5152428230583338,0.1751891511746613
1451,-0.5112649080472882,0.0733652328538847
1452,1.400080669314014,0.1302944728182466
1453,0.9007246097233976,0.0915661314585361
1454,-0.1496211997136134,0.0175899235204914
1455,1.004034373523994,0.2309136843252501
1456,3.3986071974157315,0.1565494519172249
1457,0.4291932837623444,0.1027491799246547
1458,0.2050869019643101,0.0784724770495653
1459,0.066376520960843,0.0513083832743089
1460,0.0737249195060742,0.0687786195497259
1461,-0.274269575323717,0.1441434460208575
1462,-0.0564044744802593,0.1561385843087786
1463,-0.1324982476983207,0.1555783015760677
1464,4.649937538859136,0.2200289451561026
1465,2.2877105424789,0.3991670677016665
1466,2.331806264798425,0.1935532292402023
1467,2.0686156516388774,0.0838163272913074
1468,-0.1519999329427498,0.0749874078961055
1469,0.2873968297971553,0.1114703922823849
1470,1.0631248265170312,0.1584933620150697
1471,-0.0815502075220652,0.094398482138154
1472,0.8211900020752356,0.0110505087873564
1473,0.5920263264265913,0.1821058761637283
1474,0.719227098417349,0.2257113774381957
1475,-0.0174760823290386,0.1552044245609911
1476,0.2687547151910869,0.059564104062108
1477,2.8126843597672644,0.1927110535520373
1478,-0.2388103166064575,0.2773344723779594
1479,1.2120817711373666,0.1928889384104663
1480,0.1276157995581014,0.259829251387392
1481,2.747253456294751,0.1121697643639549
1482,-0.0194343294551584,0.0036171042320608
1483,0.3636432421900207,0.0790594513841209
1484,3.3323038369042703,0.0746513435293464
1485,0.7897613069326571,0.2379638015207647
1486,-0.4562410996314708,0.0876361718670456
1487,0.7916087890306069,0.2718419073352334
1488,0.7362562078644321,0.0587160763660779
1489,1.587396931400408,0.2019703084412836
1490,-0.2924814856096973,0.1559774474202166
1491,-0.1694988538450233,0.2076777230448939
1492,1.3639391702876864,0.1565354199727711
1493,0.3845571327117633,7.373783185009308e-05
1494,2.2095215781191286,0.067231726908788
1495,0.5534253157483037,0.4499532092860718
1496,-0.3224456563925409,0.1582703244382773
1497,0.7171010046078726,0.1450984168193053
1498,0.0684661275274297,0.0578902646799333
1499,-0.194258689462517,0.0361711897414295
1500,0.4099047295641437,0.265108192064041
1501,0.4953345830224211,0.2346104287554294
1502,1.854168434202588,0.3471223129259723
1503,-0.0786677448350646,0.1278465095147768
1504,1.2854484607945535,0.0796139807000068
1505,0.9950803634885396,0.1168576003444938
1506,0.4340607764365916,0.081267219962852
1507,-0.1319181745736323,0.3736418876386563
1508,0.1655267747845687,0.0361948271630808
1509,-0.0037124651070357,0.2809046451195482
1510,0.1144384372765012,0.0884780569420397
1511,-0.2564656433542471,0.1973767710068114
1512,0.0657115903060625,0.1371970615094694
1513,0.1952264560179286,0.0332513955106657
1514,-0.1898837110844383,0.1927010643114513
1515,3.373180563077348,0.1559664115842539
1516,0.031340169247993,0.0797876866119092
1517,0.258837736781394,0.3108966595492102
1518,2.6595691196152536,0.2473192094679622
1519,-0.1925836892752234,0.0312757796829131
1520,1.0551859380453887,0.2490490222640133
1521,0.0383609176126031,0.0404175664616444
1522,-0.293098118415505,0.2478244509593454
1523,-1.2849398248839532,0.029930344348821
1524,2.8451839727113306,0.1734991242029404
1525,-0.2681699229961994,0.1190445855433593
1526,-0.2291406558586111,0.0517206765045253
1527,-0.3082496964885169,0.1291499676987789
1528,1.0166261851556588,0.1022990124034209
1529,1.2190356585475035,0.2435046767605767
1530,-0.2185600627339443,0.3654637730112372
1531,0.0721141581256977,0.1593357462348095
1532,1.9272638651323848,0.1386998593988271
1533,2.3841389745287582,0.1425314376024549
1534,0.068153749727815,0.2043210891589134
1535,2.92958698030419,0.2254183945104508
1536,0.5225040431040824,0.1166214429273667
1537,1.197395063933498,0.1921115537045438
1538,-0.4172221609382048,0.1555283650221956
1539,-0.3725173678573522,0.3625069957256028
1540,-0.2627420868130354,0.0475144460239595
1541,2.513162730984245,0.433765952258192
1542,1.3843344977527825,0.1022046830246682
1543,-0.1239616970211099,0.2836109365327955
1544,0.8507094339526138,0.4161562450039412
1545,0.8650340588750225,0.3962017590641885
1546,-0.1106209988395107,0.043683301014991
1547,-0.0796200688725089,0.1289842257240141
1548,0.1225038526806505,0.0746657197718925
1549,-0.0648311219215646,0.0850200833345917
1550,-0.2203439912342685,0.0936165509211099
1551,-0.2520803580738509,0.0047808665441424
1552,0.4706034450456318,0.0992142070138336
1553,2.099133452990462,0.0869760757262872
1554,2.040032005124942,0.0985453603533871
1555,1.5389740720692695,0.0887780047956901
1556,2.180782160140716,0.1079986847450651
1557,0.0740310078574603,0.4599829672006426
1558,0.2249569790388237,0.03554889604983
1559,-0.2660291376373273,0.1426188859014123
1560,-0.1985940145623141,-0.0057966816841154
1561,0.4223860325957459,0.1345529957735013
1562,-0.3146188177943236,0.0720082991743877
1563,0.2694028073252498,0.2039726426859621
1564,0.103014099657878,0.0211707729269017
1565,0.2985918559141933,0.1055888589633668
1566,0.8225098656316618,0.119412325393618
1567,-0.2812990354003621,0.0158536004171063
1568,0.8798112492781867,0.0408688361640008
1569,2.470754554816009,0.2053476939707065
1570,-0.3052955249371556,0.0560525154845082
1571,-0.1326436941362268,0.361374876706404
1572,-0.2293886398315957,0.243719247650365
1573,0.5165853405121841,0.0869963673663101
1574,0.1189406126259772,0.0011069359729994
1575,-0.268949321911857,0.272378265836582
1576,-0.0337282483311213,-0.0107406785410571
1577,0.6003748523072984,0.0145378456961429
1578,2.140519783924545,0.0535695957661947
1579,3.2547116318191494,0.0872132132054315
1580,-0.0379770340420387,0.1133852548301168
1581,2.157580271163086,0.1996622328703576
1582,-0.0093493830263859,0.1099675632826757
1583,0.2249594445135249,0.4624858807477622
1584,1.2154457110879844,0.1671473640140035
1585,1.3689111094014534,0.1160897038060384
1586,2.400095785410435,0.0383918883498542
1587,-0.2307833000939212,0.1515789498894514
1588,0.0083190440887069,0.1005511158650092
1589,0.536480191110476,0.062545026084857
1590,-0.2758598563438281,0.0359123672134413
1591,-0.5524179914941427,0.1399606522653348
1592,1.1022812142403324,0.067408629044582
1593,-0.1840807875060373,0.1476640070394134
1594,-0.4960138782805484,0.2632329146598893
1595,3.5923839549792365,0.0504181466691365
1596,1.4913935362252626,0.1888056664957157
1597,0.2553307341445467,0.0276038285820847
1598,-1.8932706743592784,-0.00344763078075
1599,2.5817255280005043,0.0400798981033977
1600,0.1824291693159265,0.036129500938766
1601,-0.2160204925988402,0.0873298163928771
1602,3.267600616123766,0.4016909553262927
1603,0.806520083498559,0.4615363477847795
1604,-0.2925133514625098,0.1267357976497619
1605,1.7751276486980845,0.3209691688488915
1606,-0.1634811874488923,0.02162584093233
1607,0.1570713515785014,0.1202708630875263
1608,0.308659439187676,0.3080609456101786
1609,-0.3866907371265937,0.1450978941734322
1610,4.184253100912439,0.1387943731537858
1611,0.7422036028190286,0.188320804425399
1612,2.8886543540748244,0.0765990701595778
1613,0.9177520905735712,0.281087832999811
1614,-0.2202373651432893,0.0584545993366412
1615,-0.4839575403379245,0.0145824631714286
1616,1.2902229269880727,0.3213543089529782
1617,3.4429944513466064,0.2173839917130427
1618,0.0463600224656026,0.117130001083887
1619,0.2309525759033933,0.5976618107151608
1620,-1.4530579775532348,0.1415800791363275
1621,3.14402242594794,0.1848659699069377
1622,-0.2135665141887192,0.141226363093774
1623,0.2979224117986192,0.2712309209627602
1624,1.3757284754176953,0.1822846155909136
1625,1.5777569959487878,0.0589222153942769
1626,0.5489729116086026,0.0959790834496545
1627,-0.2002072995757335,0.0410195340534923
1628,-0.1989185731105178,0.2296098632805546
1629,0.2283117367606409,0.0495567281796432
1630,-0.4051436981331447,0.2487582153151546
1631,1.4003938665456768,0.0486753788274457
1632,0.5365665359941096,0.308386240427608
1633,0.2043404539633195,0.2465426299674588
1634,-0.1014773153492636,0.0275601270351388
1635,-0.0948414680694326,0.3680620937288577
1636,1.1107563297665632,0.1320722161299317
1637,-0.0092922489562094,0.0986662707908951
1638,-0.3319098437507486,0.0903591688625537
1639,0.5957724463849388,0.1242119156505031
1640,-0.0075715056774068,0.0915047391890323
1641,0.4347587862330592,0.1738804817280118
1642,2.168239250987745,0.1372372007320007
1643,0.1837756306209839,0.0744035632056859
1644,0.8056379645010869,0.0745526609810728
1645,1.338878940207347,0.2246773875608174
1646,-0.2403087445798888,0.0130010110474711
1647,-0.3794883649176276,0.1152224731409874
1648,2.2949425045616616,0.2203003416747559
1649,-0.0718771125414727,0.3050332039102317
1650,-0.2624485212409648,0.1265928950252949
1651,1.61854893362711,0.114021649120063
1652,0.577807540863081,0.0913949184358428
1653,0.7662671505118639,0.0095013662442166
1654,1.0295582936767758,0.032315084498534
1655,0.0602975511023358,0.0390518750993925
1656,0.0429655748579974,0.0603077318112102
1657,-0.0532423244622546,0.2272603495276193
1658,2.292719080481383,0.1343085889090031
1659,0.3468675830278901,0.1406493158733081
1660,1.3866924232356037,0.3543842986447113
1661,0.3685297477014128,-0.0091890998873345
1662,1.434916536184201,0.1197293808350956
1663,0.1910473558036454,0.0910428757190366
1664,0.7701486701047399,0.2372080665144152
1665,0.9750788166591696,0.1791972581044312
1666,0.7997375930493034,0.2426808909312218
1667,-0.1900564972643419,0.0984803094171355
1668,1.676483926782964,0.1161297246562273
1669,0.5577468534759995,0.1232274437745062
1670,0.6450488806113285,0.0213624125920009
1671,-0.3139853623044779,0.1804741066750435
1672,0.1363784619789555,0.6067870883092696
1673,0.4620125227878833,0.043401044849296
1674,2.65245182889235,0.0671091464735193
1675,0.3040319627457206,0.1452814070596336
1676,-0.0447014064340658,0.3252338959757656
1677,0.0594177550277,0.084107991586154
1678,0.385469346213886,0.0609917615316426
1679,-0.1469179837447899,0.1401589676240859
1680,1.3418987596791978,0.0739298132155225
1681,-0.2063549335418844,0.022191715894916
1682,4.3083554495957,0.1169258733793059
1683,0.1297071996173791,-0.0011603270036304
1684,0.1431709135130918,0.1038033719337105
1685,0.95758053535331,0.1078614759224134
1686,0.2746470719240172,0.05991823888902
1687,2.4372520090832337,0.1580910382579822
1688,0.7654249945426791,0.3128937147718635
1689,-0.0768397119559166,0.1848537628231755
1690,-0.4032514219640651,0.1103744388388655
1691,0.0463868004808147,0.0716048312464236
1692,-0.2952018671762839,0.0497452334560518
1693,4.718245395211242,0.1159975803152379
1694,0.0622250368462374,0.0413612453397974
1695,2.110141943890401,0.1392539209526433
1696,0.1550533534487188,0.1942967184975359
1697,0.4595935817738423,0.1120321063494685
1698,-0.5429127632348002,0.113526964327706
1699,6.262157885045735,0.1194836555401084
1700,0.60827607427699,0.3392197963765747
1701,0.7446830774463274,0.2289229196726154
1702,-0.1527348811926644,0.1408530669440223
1703,-0.1947378751751456,0.1832908917134217
1704,-0.3089768894561284,0.1913976380340594
1705,-0.1438583052966129,0.1973859444934321
1706,-0.2083978722047593,0.1755316900792464
1707,1.2044350559125283,0.1560018149311596
1708,1.7418052064882847,0.1522389876672419
1709,0.6492245076575085,0.1799655291471091
1710,1.7800663678358963,0.0522879745907815
1711,2.7270073379337467,0.1596267160889276
1712,0.3225174126530017,0.068001047032769
1713,0.9298487721713472,0.118974383941482
1714,1.0848798706165552,0.0674568377600098
1715,-0.0871220574462108,0.1413147284943328
1716,0.3358071765944626,0.0559660850495527
1717,0.083799175187487,0.0408265601014777
1718,-0.1393702270295527,0.1077515146836001
1719,1.3334384307725884,0.0557367556217568
1720,0.9251089645970452,0.0473690436189877
1721,1.0156449540871717,0.1429484996941707
1722,0.4117772609103469,0.0408791986086645
1723,0.8804387944523664,0.021467185791674
1724,1.7438345362487333,0.292785150243799
1725,-0.3034136075209517,0.0975620195988583
1726,1.4303606365561603,0.1410496117501653
1727,0.3215317165394609,0.2167546561098078
1728,-0.0605029900865715,0.0239774855396148
1729,0.4159807065416209,0.1127013298315278
1730,-0.2309119651409529,0.1228983121720629
1731,1.0582621190236228,0.570213143199584
1732,0.2258872056265827,0.1043859259576291
1733,-0.3913006572452882,0.4722229199470846
1734,0.1511603116728936,0.1635153125131981
1735,1.974083515336636,0.1801761043671639
1736,2.581807519196546,0.5131593938222145
1737,0.4291418953481428,0.084487458504072
1738,0.7257961098151716,0.4052086484957803
1739,-0.3783216731366839,0.0976411630704652
1740,-0.0469590867727698,0.0922128032917492
1741,-0.0016426505113363,0.0631950061870295
1742,0.8866508116706793,0.6728596500860684
1743,1.468184325159141,0.0984013271724435
1744,1.513870996577844,0.1500344614107347
1745,0.1996249122470997,0.2635324347407353
1746,0.2633150955287155,0.4367776710546602
1747,-0.2451273391016366,0.1157873954523976
1748,1.5738575457463058,0.1266347421013661
1749,-0.2541030366512266,0.124412234826708
1750,0.885743520993709,0.0740767168273492
1751,-0.1259046878344678,0.0105827789050693
1752,1.375889987628418,0.1358983503684447
1753,-0.0660025655483918,0.10907168447325
1754,0.0687435724747836,0.1139791681628236
1755,1.7366087417344052,0.2162336591157272
1756,1.349045997646436,0.150556028165463
1757,3.074619897994653,0.2556367078546139
1758,0.1233748649352212,0.0917082144476951
1759,0.1787077976345107,0.0291641652784518
1760,-0.4236186591931978,0.0134340470712449
1761,-0.2729797442426425,0.0767174156585066
1762,1.328645310956795,0.2636702962281952
1763,-0.4338187887347227,0.0976784892085451
1764,1.3262620684122235,0.3105024373767736
1765,-0.2781138095251025,0.1548360592488341
1766,1.898759203798727,0.1537927367627413
1767,0.7378559801050735,0.1263575775137659
1768,-0.0485943752226053,0.0419823861282254
1769,0.8637693836962059,0.0623746100728737
1770,-0.1809003035547908,0.061912067021388
1771,-0.1511229132937695,0.268696726853353
1772,1.2290232202887224,0.0613313196715907
1773,-0.3359905209656332,0.1873767648049006
1774,0.2740675652252662,0.0728612727132768
1775,0.1986545228190043,0.1322201909054214
1776,1.536727565519687,0.519716927161139
1777,4.14535657531595,0.1451376001673227
1778,0.0501939133902848,0.3363472152143734
1779,0.0735679882655639,0.1642221646152022
1780,-0.0429350324010004,-0.0013764688310381
1781,-0.4382611257123694,0.133848877326855
1782,-0.2982747538889022,0.021319602759178
1783,0.3763043470771389,0.1697998597319558
1784,1.401917065545821,0.5501428834054145
1785,1.2152636201560216,0.0605387046650806
1786,3.374579437325816,0.2638474220244088
1787,-0.1362293045832446,0.0817240838564518
1788,2.8828651934704133,0.1078931635730671
1789,2.1304133543858232,0.0508700121765215
1790,4.578368166725411,0.048096731468464
1791,-0.0657087149240399,0.0100778889496251
1792,-0.2241158755674313,0.4660425472833197
1793,3.4047197132892206,0.1813735244131982
1794,2.8415695697371266,0.2087130750462436
1795,-0.2751577612427492,0.2583055072513263
1796,-0.122540857720037,0.4622115689226868
1797,-0.3602000238941847,0.1377547251347478
1798,0.5352241684875932,0.3325481577529845
1799,0.4072023585695373,0.1187416627031222
1800,-0.2427146094602423,0.036827475148875
1801,0.3027293145148076,0.1097423579753084
1802,0.3941379914340952,0.432146917156293
1803,0.6820134158216634,0.108400079036245
1804,3.4937045382670284,0.165486441131373
1805,-0.3078844841214231,0.0839775006459958
1806,3.725525137639511,0.0913863994607727
1807,2.174355083567233,0.1202805334557037
1808,0.5939886860765189,0.1410859855028341
1809,-0.4214166264960015,0.0698321634699867
1810,0.9629901886741464,0.028970151785174
1811,-0.3835002293002663,0.3293773265330754
1812,0.8311762800888953,0.1824363506706277
1813,-0.0614771641622184,0.0294549673338379
1814,1.1289150678594762,0.198921312532626
1815,-0.011575555405376,0.1233082099526513
1816,0.1728961848407268,0.2245282784954902
1817,1.7447808752909613,0.4626017158678474
1818,3.8804196800310704,0.0834716559499467
1819,0.1795834048141655,0.0686123908798528
1820,0.3687436326933453,0.0373324633990339
1821,3.628414094984908,0.2408159397382521
1822,-0.2841843412036949,0.1238656759571473
1823,-0.3969442736091989,0.1005832304994552
1824,-0.2704017876479054,0.081748845548982
1825,-0.331622966887148,0.2226721207457054
1826,-0.2429353117306055,0.1124128660676695
1827,-0.2472628887230798,0.2059865010387891
1828,-0.3766235405959208,0.1255068575334921
1829,-0.1970129596181583,0.1973460742722085
1830,0.0773391118091707,0.0065426723167404
1831,-0.8675751178583448,-0.0023706095176343
1832,-0.1896034390096111,0.1547927943590333
1833,0.4286167441097713,0.3023561613459454
1834,0.4811424155625928,0.0510544083413196
1835,-1.4385247085132642,0.1089563516541253
1836,-0.1971676661525486,0.1951040202810345
1837,0.9495279695828444,0.0529585949316025
1838,0.3103864770676879,0.0013640725170463
1839,2.785217252213561,0.3371441038326184
1840,3.5645006289847,0.167012713447496
1841,-0.3122616738190134,0.3542177545694368
1842,-0.1065464817362386,0.1560135339801297
1843,0.7603911173087602,0.1145913906901742
1844,-0.0225360044361359,0.0857198384412559
1845,0.3689323050679959,0.1784842339509195
1846,-0.159409446785418,0.0420163201286815
1847,1.517331767744438,0.063284670815771
1848,1.102644945755228,-0.0058682121960296
1849,0.3297402918222116,0.0885748781381653
1850,0.206012993749081,0.1559313732580561
1851,0.5776895806701168,0.1157224947842101
1852,-0.852604572090264,0.1541609520169475
1853,2.6330337751487303,0.0440858984115054
1854,3.2288753080539547,0.1844815399785346
1855,0.1572409525116001,0.1186562174145287
1856,1.8329712135888168,0.1557053262395171
1857,-0.4074300985208947,0.0078284635665192
1858,0.5625717000487058,0.1299517309755023
1859,0.4464120341416233,0.1152991417167894
1860,0.1036047498891922,0.2101280074869626
1861,0.4640309933814049,0.1088417540575845
1862,1.1352163537902549,0.2321444976091461
1863,0.2807234671042729,0.0326024337935784
1864,0.1605039382822354,0.0312337818545718
1865,0.3411715760195264,0.1127729299376341
1866,0.6027585590865638,0.1539812259965708
1867,5.202548012647916,0.2489282467467271
1868,-0.3326605136309057,0.1311612823361551
1869,-0.1945014652032454,0.1151230477009935
1870,0.3056587823911194,0.1296503557516127
1871,0.39473610340361,0.1665448126782843
1872,1.0887177325586863,0.1757955762569669
1873,2.142840931149744,0.0125459672546266
1874,2.193512317968513,0.2076932407298198
1875,-0.3182930784795856,0.2563451789959478
1876,0.3628329159517043,0.0605151207716706
1877,1.5570874237554957,0.1947388227681968
1878,-0.1420803926462041,0.2092268539407153
1879,0.0917830662479496,0.032437500410918
1880,1.909916563718865,0.0531808901536453
1881,1.9944117544505853,0.1335684188757051
1882,2.83189178822445,0.1341782247177719
1883,-0.1176713579274667,0.0913261638485638
1884,1.2630668502551972,0.0769647271122486
1885,-0.0809523427820146,0.1472983248243804
1886,0.4409924516411014,0.3322096023289424
1887,0.2557567007114193,0.0548139742127842
1888,-0.2055142704839698,0.0530972456566912
1889,2.573257223635104,0.3394549530867618
1890,0.1689316878028392,0.1677212543217024
1891,3.042669982894077,0.0674432198582265
1892,-0.3530261247526408,0.086597401746349
1893,0.0511919030495273,0.0344659180082625
1894,-0.2215318704347274,0.0125671076130586
1895,0.3750464139445735,0.0692373960894209
1896,-0.4951752129700899,0.0460410229687499
1897,-0.1885671075957533,0.2141231327955951
1898,0.3514161111786921,0.1018707473472822
1899,-0.1398672830061174,0.103342840426311
1900,0.6899895964283986,0.1393886653281393
1901,-0.2719571360039531,0.0881024448415651
1902,2.022370031470951,0.1350793673284524
1903,0.2429338036548161,0.1472385882308932
1904,1.4156482848108194,0.1602534086702549
1905,0.4679972347508023,0.3855422656390423
1906,0.4474433056828868,0.2924349868930163
1907,1.7885328908286195,0.1343657808850611
1908,-0.0841120865275368,0.0625373959425614
1909,0.97747512235694,0.0094157207809974
1910,1.7700801090115847,0.0879731400616953
1911,1.2140172623653749,0.1435420218408712
1912,1.3244829172181851,0.1452234885919262
1913,-0.3288563121844833,0.2174314853163572
1914,0.6847620150695326,0.1677826978876022
1915,3.613857568689771,0.0220277859737851
1916,0.9180049818845916,0.1119277999955435
1917,-0.3127667466770431,0.0732123728315041
1918,0.4563909092142164,0.052581596859093
1919,1.464528299461614,0.1337204550219154
1920,2.9511629492350093,0.207720317447375
1921,-0.2690641430195134,0.1618416147894544
1922,0.4071240584248861,0.1142877025386463
1923,-0.1142148851179884,0.117071013855617
1924,0.895659386687172,0.0481776532897051
1925,-0.6098947971259846,0.0414413108982616
1926,-0.3931818910494394,0.1299471029880884
1927,1.0261063626040452,0.1263408995512475
1928,2.453205344988304,0.2784038438809911
1929,-0.2690023453198342,0.1795635812815691
1930,1.0981991872025962,0.1220396811185302
1931,-0.0810235692355335,0.0047178709215431
1932,0.8711689509791023,0.1457142885441355
1933,1.2115312778558165,0.2968448463149415
1934,0.1232270205808021,0.4633919902815896
1935,0.143660180315462,0.4270505774326905
1936,1.4415474593082989,0.1611052663810567
1937,-0.1332365486779327,0.0864581746326876
1938,1.6131572906631182,0.1570148968744922
1939,4.45039340560424,0.4249957253195242
1940,-0.8030629099449526,0.0363682451308071
1941,-0.2259292125076739,0.0303954657538131
1942,0.9922775497793256,0.0801694191936457
1943,3.365890726832013,0.215528769177531
1944,0.172089240554351,0.1395721057514069
1945,0.7062182862650976,0.0284340865270281
1946,1.9898216376595292,0.1541803527743639
1947,1.2682594933793372,0.3602317633460743
1948,0.1166309110568305,0.1720736021131711
1949,0.0239418018150826,0.2125564051859338
1950,-0.0153313704860436,0.1677081976598789
1951,3.494508082211447,0.3786585161913998
1952,0.5659673339984321,0.0993030853857542
1953,1.232445882339639,0.0647257657017694
1954,-0.253536006882208,0.1211020448476602
1955,1.22537884454869,0.0612554155802169
1956,3.873967494761669,0.1630037484305477
1957,0.2802803923409466,0.0901252453092675
1958,0.2881097807814481,0.1079260527373657
1959,-0.2559353703238425,0.1120850487497031
1960,0.634888605783396,0.1773609344134562
1961,-0.077335758297487,0.0472908037821997
1962,-0.2543609360141537,0.1381493083897756
1963,4.640468804568107,0.5444085826738139
1964,-0.2165910230697382,0.0828880892079253
1965,3.850245901022293,0.3794484476537628
1966,0.5189303727748267,0.0266820144053192
1967,1.030929315151663,0.0148148066531218
1968,-0.1422655647732583,0.3970209313710523
1969,2.3553558258881333,0.1531253075447499
1970,1.430436981036493,0.336313801872705
1971,2.3646068875727164,0.657736185882807
1972,-0.5658359591604168,0.2753079501638323
1973,2.1032412874676427,0.1332745283741543
1974,1.1763524155506295,0.1259096336906981
1975,2.254485529795403,0.181759748653959
1976,0.6634948370483339,0.1358343073188302
1977,0.2671408951188584,0.0928365424198816
1978,-0.2013095289582362,0.2708223587847885
1979,-0.1132121297669693,0.1565795720629158
1980,7.862972844095568,0.5037410298621097
1981,0.0352469910216663,0.0947394244750447
1982,-0.108086301284253,0.0713350576512134
1983,-0.2256059003985195,0.2102015959623593
1984,-0.0883840402543074,0.0973844110630571
1985,0.4906382496165661,0.1564947232603424
1986,0.2725820338358106,0.0649147787410479
1987,-0.359589370249654,0.0919956600998021
1988,1.70079462508619,0.4043574273451045
1989,2.405964828961173,0.2924026635030742
1990,-0.1491162065479006,0.1261862522568638
1991,-0.0779999099142853,0.4923776734287592
1992,2.122067179922681,0.1811412268804638
1993,-0.1714808062534982,0.2497332300882117
1994,1.8111558442317512,0.1515007404441263
1995,-0.2607977155092063,0.0018114062016169
1996,0.5383236170482579,0.0944948582191965
1997,-0.0725837639980191,0.0418928346326555
1998,5.583867287027664,0.2482809135950339
1999,-0.0931567495257775,0.122331439412358
2000,0.2691643285662904,0.1026130676390089
2001,4.645812689267402,0.1198589281242556
2002,0.0481564176544927,0.0707833872843774
2003,-0.0411859721667982,0.1680544452995048
2004,1.7544927918338658,0.03673414546247
2005,0.3912398205249824,0.1640508724001763
2006,-0.9501008943359318,0.0858800165617989
2007,0.2520514165013431,0.1230489774705971
2008,1.2777892316719486,0.3685431572294353
2009,1.187008854317922,0.1019308728447388
2010,0.207228960902779,0.0670354563305524
2011,0.6992512396619116,0.0948180279969594
2012,0.4034074305804073,0.0167378629612038
2013,3.0262434919081995,0.0326878802845263
2014,0.0962115661786343,0.0973520153092129
2015,-0.0849042874427366,0.2498504592332925
2016,0.3078400804769395,0.0548601562095756
2017,0.2715012005556242,0.1488716006836513
2018,0.2793213833758325,0.3266580113045076
2019,0.1704480172753089,0.2237598444258304
2020,0.2664301068444665,0.0551712359745417
2021,1.2445537644582745,0.0566817283658981
2022,2.780261168969162,0.1153689318049637
2023,0.1166861406341644,0.1295191075450946
2024,1.6510966780584393,0.1936626341094565
2025,-0.2520310870459363,0.2983690988032202
2026,1.133426517795098,0.1477690294748747
2027,0.1662574896155449,0.0977815248007449
2028,0.245257928192633,0.0834984785854684
2029,3.9054946241204025,0.2075538899579548
2030,0.6393841398376316,0.0212933728732805
2031,1.844610835730973,0.1604925846639708
2032,-0.179322343321623,0.1021072754849073
2033,0.0564602387161055,0.0497963470271057
2034,1.7820654677291596,0.2092808583606265
2035,-0.1075571397987267,0.6293170287693508
2036,-0.0458482742046667,0.1320798658896131
2037,-0.368548986270623,0.0755591200612537
2038,-0.2425426565723029,0.122489799404282
2039,1.2660212921656269,0.1368356170294059
2040,1.416583719168257,0.0991840244261155
2041,1.486095221254347,0.056674066025156
2042,-0.2338978407358776,0.0943221361810463
2043,-0.0504467647296339,0.3098902618804876
2044,-0.356357362273655,0.1265703004433424
2045,0.4622774300844972,0.029392978734214
2046,0.4708051343452406,0.1326030664020134
2047,1.0391612380694148,0.2529720963142076
2048,0.4108320557489591,0.0622674420413587
2049,0.6736383861809176,0.0967698157124697
2050,1.3442285385727202,0.3938699631410649
2051,0.0681888882697289,0.0655630548495642
2052,0.256342505265567,0.1780207605956259
2053,-0.4305144820055752,-0.0098863902102141
2054,0.5798457503142198,0.1051211395257071
2055,0.586584454043723,0.1907028880713364
2056,1.760413619071122,0.2013247127082307
2057,4.209622177051223,0.0920514718967882
2058,4.376058674083752,0.1008233292059658
2059,0.2922974314637674,0.0557120177756167
2060,-0.3141517789468325,0.0615979522699095
2061,0.6970861328534559,0.5048534608146525
2062,3.615649015922219,0.1136052172605538
2063,2.519054061651583,0.1890937045150926
2064,0.2035854679914955,0.1687887013172618
2065,0.0410588936016178,0.0309644212248075
2066,-0.0525104466506367,0.104354785874984
2067,0.4155635821148381,0.0186677747047381
2068,1.174949177731922,0.1776913738384385
2069,-0.2306266173821978,0.1606091040729708
2070,-1.296928133629249,0.1490949711292881
2071,-0.3640615056365887,0.1638042600743165
2072,1.882906792120652,0.1424724816199293
2073,0.5027363601583321,0.138208648982773
2074,0.9904805376666896,0.6398291047512057
2075,1.2964428508267043,0.3919016353472107
2076,0.8784414464899943,0.0994924800958727
2077,0.5499761379328119,0.0560791627465581
2078,-0.2898960270476712,0.116099467609146
2079,3.339469727599211,0.0858524473509836
2080,-0.339048279411984,0.1086719639773523
2081,0.7859351835170246,0.0153263727147008
2082,0.3545602846286565,0.1386095404506767
2083,1.2620534089621542,0.1251211521809463
2084,-0.0953727475892975,0.0563654799868628
2085,2.419102454013286,0.2610439319951366
2086,1.6100921338630825,0.0533036090049898
2087,2.9249533008994395,0.1133203868081532
