ID,C35
0,0.06709500347729773
1,0.015957623045833317
2,0.04001723223365843
3,0.04333041779813357
4,0.025475224307228928
5,0.07639173654839397
6,0.23319891114719213
7,0.05153964679819183
8,0.023710421016439796
9,0.01751168964256067
10,0.04119734956882894
11,0.03837232471443713
12,0.013721518837846815
13,0.06709837573114782
14,0.0031979854695964607
15,0.11463757505407557
16,0.019703981466591358
17,0.08904648588970304
18,0.11498812250792981
19,0.07810656648129224
20,0.08488066066522151
21,0.018951330389500073
22,0.0501902715372853
23,0.045138396425172686
24,0.016965859360061585
25,0.2012248286837712
26,0.047177028497681024
27,0.02513635433744639
28,0.004652381173800677
29,0.039512755941832435
30,0.09244421638082713
31,0.08468206751625985
32,0.03608067318797112
33,0.08538929631467909
34,0.03799100979231298
35,0.04365758791100234
36,0.012641608166741208
37,0.021822235584259032
38,0.06224438723664207
39,0.03309719751589
40,0.16243997556040995
41,0.011056558941490949
42,0.015025148270651698
43,0.024819871101062745
44,0.07098068095743656
45,0.001465815951814875
46,0.08265464793890714
47,0.03923167729866691
48,0.005765582604217343
49,0.018616531500592826
50,0.023814027856569737
51,0.07312754451297224
52,0.03203774824709399
53,0.049551126605365425
54,0.10966159870848059
55,0.00571481469203718
56,0.014408080651191995
57,0.01847478139330633
58,0.04852263036649674
59,0.15457703575491905
60,0.060426935327704996
61,0.13468245714902877
62,0.02789666269905865
63,0.011551581446256023
64,0.03572295009158552
65,0.023978302795439957
66,0.022170410486869515
67,0.15892003028653562
68,0.1260619733063504
69,0.003903420015849406
70,0.04159765996271744
71,0.03814793998375535
72,0.07186743277590722
73,0.011116841244802344
74,0.060732464308384804
75,0.030406726328656077
76,0.01843154365196824
77,0.034349542926065624
78,0.05535869928309694
79,0.06833163507282734
80,0.025038626717869193
81,0.07560880376957357
82,0.10176861004903913
83,0.03419825863325968
84,0.1074953610135708
85,0.003653936442315171
86,0.05478553273016587
87,0.009957192365254742
88,0.017407309613772667
89,0.0631143300794065
90,0.01324603353801649
91,0.11664093763683922
92,0.05347441918216646
93,0.02459404696710408
94,0.050858801528811455
95,0.046486225705593825
96,0.08081073438748718
97,0.12180699803866446
98,0.3226208055019379
99,0.09320840401574969
100,0.014320087390369735
101,0.08565817832946777
102,0.03365213214885444
103,0.08015279334271326
104,0.06543263007188216
105,0.04434753080364317
106,0.030361439008265732
107,0.01091281924629584
108,0.006709731596056372
109,0.028802173472940923
110,0.15430538818240166
111,0.0625009463285096
112,0.011139524141326547
113,0.1140905880741775
114,0.021310283279744907
115,0.02198601173236966
116,0.01888118992181262
117,0.06689263183157891
118,0.09107569333165884
119,0.009470432616508333
120,0.007445699069648981
121,0.04618574322201312
122,0.07740485442336649
123,0.1667906149290502
124,0.18815593138337136
125,0.08022022248245776
126,0.08477686609141528
127,0.04735768582242599
128,0.06650715688243508
129,0.15346906838938593
130,0.06863964356482029
131,0.11466545699397102
132,0.011176358629018068
133,0.007961267710343237
134,0.0735415084217675
135,0.030003657499328255
136,0.014510674562770873
137,0.12155255888588727
138,0.06108228381141089
139,0.19423636259511112
140,0.12449470639170614
141,0.09191682193661109
142,0.014310216103622224
143,0.03533642968162894
144,0.04011409996077418
145,0.07609087653661845
146,0.001560400233938708
147,0.06528980723931455
148,0.07520363886491395
149,0.03311107439803891
150,0.024519702568650246
151,0.05832273801788688
152,0.020197221245616674
153,0.05638032855466008
154,0.03372612993727671
155,0.048036471442319456
156,0.04192878900445066
157,0.01767795994768676
158,0.0411018523061648
159,0.014880626294761896
160,0.09980869454331696
161,0.032436523516662416
162,0.05331326050683856
163,0.08874340956332162
164,0.024718375243246556
165,0.052416716562584044
166,0.012026595614297548
167,0.019989671409130095
168,0.06336429198272527
169,0.1039697326719761
170,0.022331215781741777
171,0.03607199011137709
172,0.05322802620474249
173,0.028051732893218287
174,0.082758428780362
175,0.02647800709470175
176,0.052983180228620766
177,0.04898451631423086
178,0.09490842799656093
179,0.039011432966217396
180,0.02381732518435456
181,0.04626992577686906
182,0.051980056311003865
183,0.1076411172747612
184,0.07253268789499998
185,0.007134383118245751
186,0.007038754188688472
187,0.05249973304569721
188,0.10717376619752031
189,0.03894822455244139
190,0.084125807560049
191,0.021890637269243597
192,0.06284330334048718
193,0.028407380259595813
194,0.11154286431614309
195,0.21309131044894458
196,0.04000021388666937
197,0.0027483135578950167
198,0.01821595517452806
199,0.018715856596827507
200,0.08780321842990815
201,0.054434754056856036
202,0.13497047146549448
203,0.030340568013489246
204,0.044175601829774674
205,0.016580719078774564
206,0.0380304706361494
207,0.05217100319860037
208,0.011753745436435566
209,0.07196095597464591
210,0.05075465793721378
211,0.004524618861250928
212,0.045249976217746735
213,0.04736069016158581
214,0.004216067017987371
215,0.18060205347836017
216,0.044135765694081786
217,0.07957836788147687
218,0.056392892152071
219,0.04289142805617303
220,0.013886901185614989
221,0.023036993769928814
222,0.04505704924464226
223,0.08461856538022403
224,0.28735470632556825
225,0.02594709860160947
226,0.003924438514077338
227,0.20875372052192687
228,0.03986577946256148
229,0.08372127720853313
230,0.03466857375577092
231,0.0592283148036222
232,0.07447653086739592
233,0.027504963292740284
234,0.14930778548354284
235,0.0245321202557534
236,0.03946174278855324
237,0.04949663644249085
238,0.15527619451575447
239,0.0554464870179072
240,0.1645283218905388
241,0.03653072954853997
242,0.044888026313856244
243,0.17619409471750258
244,0.11388169329613447
245,0.017465548186883097
246,0.01448952404782176
247,0.06636867596535012
248,0.062127137584611775
249,0.040726763280108574
250,0.13252527011558413
251,0.05071785439737141
252,0.0068224199360702184
253,0.21481539042200892
254,0.08349671412259341
255,0.05767480991780758
256,0.026712142638862135
257,0.04535775962751359
258,0.15740149714984
259,0.058302579214796424
260,0.027130733344238253
261,0.03199435533955693
262,0.023008808335289357
263,0.060210291892290116
264,0.05089551007840783
265,0.014620310819882434
266,0.04998970209853724
267,0.11304988427087664
268,0.07099264932330698
269,0.036911127956118436
270,0.006216721064411104
271,0.12063902391120791
272,0.01605976363265654
273,0.055923007233068346
274,0.024682350686343852
275,0.008863783553242683
276,0.03999921897426248
277,0.05006007241550833
278,0.0413725671172142
279,0.1258514467650093
280,0.017297016825468744
281,0.020479329579975458
282,0.014853533813729882
283,0.04637791631859727
284,0.018994381336960943
285,0.054400837197899815
286,0.07006082908024837
287,0.01976854359032586
288,0.12011850768118165
289,0.059164026319049295
290,0.0040806556330062445
291,0.03844878371106461
292,0.030537701551802455
293,0.012590264247264712
294,0.0754974471987225
295,0.13435330729931594
296,0.09671584610419813
297,0.10055952186696232
298,0.019904366238042714
299,0.15471703495713882
300,0.02634160525049083
301,0.20356265600770712
302,0.027096916590817272
303,0.013258414710871875
304,0.055213558189570904
305,0.007711409283801913
306,0.011598512385971845
307,0.07874009966792073
308,0.027437784960493445
309,0.09763614294590298
310,0.05088457492238376
311,0.20156287684570998
312,0.06074722412857227
313,0.02701874773018062
314,0.08897334245732054
315,0.08262914980761707
316,0.0324132514372468
317,0.06680288758128881
318,0.07169666144996882
319,0.012852725107222795
320,0.0707940634060651
321,0.22450656691100448
322,0.058744940524920825
323,0.04581723085604608
324,0.03883692376315594
325,0.056472225212492046
326,0.08500631093978882
327,0.015615699896588921
328,0.01932302382949274
329,0.028937376991380007
330,0.08734056495886762
331,0.020835219025611876
332,0.014892864339053631
333,0.05417094500735402
334,0.09744263412896544
335,0.31027929373900404
336,0.03186119195481297
337,0.04030050200875848
338,0.04384772270917892
339,0.015032561048865318
340,0.0937148592621088
341,0.04204738050408196
342,0.03075404040806461
343,0.01024883164674975
344,0.10415279517881572
345,0.07859243697603233
346,0.006613928321748972
347,0.012554264505160973
348,0.06109819186385721
349,0.10454566610977054
350,0.07021468482911587
351,0.20281434374861418
352,0.005979151691281004
353,0.05151674347463995
354,0.4879597589373589
355,0.14236322097480297
356,0.016753734624944627
357,0.03321863880817546
358,0.06936341831460595
359,0.025555674945935608
360,0.03076257595093921
361,0.03554781667888165
362,0.08956464367103763
363,0.04830460616387427
364,0.04428108484018594
365,0.04416267700958997
366,0.0027718009619275108
367,0.018652076991274955
368,0.030066481166286393
369,0.07346454046666623
370,0.024415273335762322
371,0.01723685401491821
372,0.05924163760617376
373,0.293569436725229
374,0.027404742408543827
375,0.11690085439011455
376,0.052935799676924945
377,0.0272500753775239
378,0.03569792283815332
379,0.12376495063304901
380,0.1998622789978981
381,0.033076371576753444
382,0.07732773384079338
383,0.009704524341505021
384,0.06181802198290825
385,0.035169752644142134
386,0.0789146148506552
387,0.031087378803640604
388,0.01519401371711865
389,0.007470937718171627
390,0.11029078595223836
391,0.015012739882804453
392,0.0016610493428015616
393,0.0012682106271677185
394,0.01648042943328619
395,0.04088454090757296
396,0.040634039436699826
397,0.0652460612449795
398,0.00426904670894146
399,0.024177980991080403
400,0.03257139476947486
401,0.03684755628171842
402,0.11396154204616323
403,0.016513602153863757
404,0.06141008822247386
405,0.050121015504701064
406,0.0660630237753503
407,0.06099637432693271
408,0.06469493005424738
409,0.04095914514735341
410,0.011453092312221998
411,0.009046403807587922
412,0.15527188442647458
413,0.04080067751929164
414,0.043445163078722544
415,0.05642061260528863
416,0.19771590441465378
417,0.03980241269455291
418,0.03633653741562739
419,0.009876574659720062
420,0.04986361258663237
421,0.09217158958315849
422,0.012070870655588806
423,0.015004906204994768
424,0.014514378421008587
425,0.06272064790246076
426,0.004228518536692718
427,0.00841457563568838
428,0.02599170761182904
429,0.08171895654522814
430,0.062112335790880026
431,0.02054833367408719
432,0.04170725818024948
433,0.044404962537810205
434,0.0654851502366364
435,0.07989849185571074
436,0.08518845042213798
437,0.028852465050294995
438,0.038351286032702776
439,0.005140103355515748
440,0.011027471695852
441,0.05899081931449473
442,0.08107005001133075
443,0.03013403305783868
444,0.025783349280827678
445,0.005941795988474041
446,0.036568515501567166
447,0.034339842777699234
448,0.005350755271210801
449,0.2952664970979095
450,0.08643996804952621
451,0.010508592224505264
452,0.03204078407492489
453,0.03436901136359666
454,0.1054055163403973
455,0.031593143148347734
456,0.038365169793833045
457,0.006435260465950705
458,0.10211095494916662
459,0.06236228756606579
460,0.1884834596843575
461,0.01442454116884619
462,0.14078948427457363
463,0.0934998534154147
464,0.018243038468062876
465,0.06688473751069977
466,0.17840612247586252
467,0.006053493607905694
468,0.1576537653012201
469,0.034011977585032584
470,0.01359315165434964
471,0.08388116582296788
472,0.006201498878654093
473,0.14958895812509582
474,0.05015867186244577
475,0.0462095085112378
476,0.07584574576700107
477,0.023305475139059128
478,0.01987312261015177
479,0.014116574135259725
480,0.08560980852693319
481,0.019577555488795043
482,0.012807839084416628
483,0.05400926334084943
484,0.003109521821606904
485,0.005646326821297407
486,0.03043328317813575
487,0.10527903337962925
488,0.09231450856663287
489,0.04724850453902036
490,0.0283444351144135
491,0.034864313800353555
492,0.10400295327650383
493,0.06984737899154425
494,0.007161246993491659
495,0.01767439712944906
496,0.014950424566632137
497,0.010065492708235979
498,0.08193578297737986
499,0.02733197599856794
500,0.03395372520375531
501,0.17336183987557888
502,0.06850977219466586
503,0.06308318352326751
504,0.05121440278919181
505,0.11798203715123236
506,0.056058863550424574
507,0.025396444350481034
508,0.04987679453566671
509,0.029326029401272536
510,0.035333268388640135
511,0.013216247368836776
512,0.09334631338017062
513,0.11395941071212291
514,0.012747533966321499
515,0.0267234447930241
516,0.0397162602795288
517,0.035543786966009065
518,0.023175596431829034
519,0.11586860409006476
520,0.16318590312432207
521,0.04607987508585211
522,0.001662369924451923
523,0.0165123363386374
524,0.05167622629553079
525,0.20220882423222064
526,0.007312473187630531
527,0.08351730454247445
528,0.06434443694888614
529,0.011891602138057351
530,0.07091092284419574
531,0.021673816181719305
532,0.05007147457450628
533,0.03523661345243454
534,0.03377607875503599
535,0.04539501014631241
536,0.032026527517009525
537,0.060380980847403405
538,0.08153483656933531
539,0.019902203609235586
540,0.18294449979439378
541,0.05961476131808013
542,0.1541863019039738
543,0.13841505574062465
544,0.06579647479578853
545,0.028300389503128826
546,0.03256831861799583
547,0.007781168233923381
548,0.0682425853703171
549,0.0011469838029006497
550,0.09125776191009209
551,0.0010896422772202641
552,0.056160827428102494
553,0.04039416671730578
554,0.019517535432241856
555,0.09949410940986127
556,0.02381033085330273
557,0.10371872792951763
558,0.05903886020183563
559,0.047216021144995464
560,0.04194408136419952
561,0.008293777865474113
562,0.008346651254687459
563,0.016340984739363195
564,0.033950553899630906
565,0.08270685134455562
566,0.016878656232729553
567,0.02576930084702326
568,0.07672270401380957
569,0.01613232312723994
570,0.14689110973849892
571,0.02065903712529689
572,0.05933386532356963
573,0.017440982887055725
574,0.05207691876566969
575,0.12872690229909495
576,0.012613309014122933
577,0.026772113535553217
578,0.06258687524066772
579,0.17974799925461413
580,0.034606385351216885
581,0.04988933274056762
582,0.026145500242710114
583,0.07232439362443983
584,0.15496739865629933
585,0.010450128132943064
586,0.05375090416520834
587,0.03185705364216119
588,0.03378433719626628
589,0.029084415396209807
590,0.04024886918952689
591,0.04195340697653591
592,0.005458877291530371
593,0.009623291812604294
594,0.1168591112550348
595,0.012706709168851376
596,0.37073802430182695
597,0.07880973815917969
598,0.03137559151160531
599,0.01576567813492147
600,0.05681832220987417
601,0.12479925531893969
602,0.025556292145047337
603,0.14406425856053828
604,0.010230911781545728
605,0.008767753266729414
606,0.033124264888465406
607,0.02583852892392315
608,0.027466553105041383
609,0.06344179602805525
610,0.08633098899153993
611,0.11880511092022061
612,0.056358789205551145
613,0.013301630681380629
614,0.011558035092893987
615,0.06705767441540957
616,0.04171076003694907
617,0.165930016352213
618,0.03461534658912569
619,0.034915965189502456
620,0.021897721333662048
621,0.06572676592506468
622,0.021409107125728043
623,0.03492730696452782
624,0.027524103184696287
625,0.021247957625309937
626,0.12513319886755198
627,0.10854870544513688
628,0.047169109852984545
629,0.35227302624844015
630,0.032891446188441475
631,0.022625569556839763
632,0.06392056453973055
633,0.02120243139564991
634,0.01179862750657776
635,0.029975287723354994
636,0.10792319055995904
637,0.02432795007713139
638,0.03814590416615829
639,0.012601861814036965
640,0.007358333639567718
641,0.008244473673403262
642,0.06377187194302678
643,0.050100815407931806
644,0.04137088062707335
645,0.043769320913124826
646,0.014018609871272928
647,0.026364865126088263
648,0.09584997752099297
649,0.036310362000949684
650,0.016997869580518455
651,0.01795400490052998
652,0.1962365684658289
653,0.11153158371569588
654,0.06656493220478296
655,0.17914748632814737
656,0.0025580432888818905
657,0.05488553631352261
658,0.027110087014734746
659,0.06902723236940801
660,0.04605149767943658
661,0.016515956003568134
662,0.0899326592683792
663,0.043601430114358665
664,0.11124460773542523
665,0.021489463269535918
666,0.17700079054571688
667,0.01274278566299472
668,0.008836809006752447
669,0.01273835899773985
670,0.057284782258793715
671,0.10086327562108637
672,0.089051763843745
673,0.04843885377980769
674,0.058287999941094314
675,0.05711613175459206
676,0.025134489480406044
677,0.00364186909457203
678,0.05584664400666952
679,0.041145357973873614
680,0.053886240860447285
681,0.06769875784520991
682,0.06192295609973371
683,0.01792540124617517
684,0.044695523496193344
685,0.025952308531850578
686,0.1658591341972351
687,0.04108818034874275
688,0.06301489404810127
689,0.00866130867303582
690,0.19700395487248898
691,0.0396898466325365
692,0.012585742089431733
693,0.06082265100383665
694,0.02893035697750747
695,0.06808560067787767
696,0.05218140218639746
697,0.03129764438606799
698,0.1467304784595035
699,0.0499780727410689
700,0.0289208655199036
701,0.12727501891553403
702,0.020706979862879962
703,0.03839728266000748
704,0.04252359998063184
705,0.06815049582161009
706,0.03580358977429569
707,0.020131208223174327
708,0.05919786674901843
709,0.07978648448362946
710,0.021933369195321576
711,0.11920060605276377
712,0.16938118104822933
713,0.052338475468568506
714,0.05834522170946002
715,0.054417536822147665
716,0.04497045084834099
717,0.016335927459876984
718,0.15282451831852087
719,0.08869697928428649
720,0.08217387460172176
721,0.09597140520811082
722,0.02799124434357509
723,0.03693671055341838
724,0.002166550901310984
725,0.2271573728462681
726,0.01508469307795167
727,0.021790654733777046
728,0.04181482523679733
729,0.23606358430348337
730,0.0375204499065876
731,0.06269714816997293
732,0.06431780983228236
733,0.1447223699092865
734,0.002280086735263467
735,0.006583426897996105
736,0.05416175772785209
737,0.03840073704719543
738,0.016702056170906872
739,0.01531972280703485
740,0.13545542623847723
741,0.03273479805095121
742,0.012620154756587
743,0.010015531228855252
744,0.04574059134814888
745,0.23396138864569366
746,0.09069422868546098
747,0.14344501905143262
748,0.011050527137704193
749,0.022334769536973907
750,0.011019723657518625
751,0.062128919158712964
752,0.04473762741778046
753,0.02685024606878869
754,0.13738799136132002
755,0.24497891531791538
756,0.06935952307656407
757,0.008576403581828344
758,0.023641332578845323
759,0.03520301303185988
760,0.14833313846960663
761,0.011328570847399532
762,0.07797242081724107
763,0.0271231238078326
764,0.22314188741147517
765,0.029754902166314424
766,0.09163805053220131
767,0.018061132401926444
768,0.10088475699245464
769,0.00680685241764877
770,0.038103389968164265
771,0.12638442900031804
772,0.03426575053948909
773,0.050833896566182375
774,0.007640718854381703
775,0.05426750251092017
776,0.09459927320480346
777,0.046711472729220986
778,0.04920982939307578
779,0.045218628719449046
780,0.021937943757511676
781,0.028945217051077634
782,0.02358584988862276
783,0.021328477915376426
784,0.03480744566768408
785,0.03413964414969087
786,0.015102746593765915
787,0.06297650034772233
788,0.016350309257395567
789,0.10640470318961888
790,0.02949712912843097
791,0.024092881511896848
792,0.07307164587429725
793,0.052361818100325766
794,0.05812701756134629
795,0.08579695299267769
796,0.0288506820355542
797,0.008348280713253189
798,0.054645293676294386
799,0.0795418043807149
800,0.16838171862065793
801,0.044083249892573804
802,0.016187195817692554
803,0.05034999873489141
804,0.037970047297421844
805,0.110183234536089
806,0.08932593129575253
807,0.03257617028604727
808,0.01122661298897583
809,0.10551182468072512
810,0.1813623559102416
811,0.051663941367296504
812,0.15004358261823655
813,0.06861959407106041
814,0.14036866249516605
815,0.01717980791683658
816,0.025978792672976852
817,0.08596614321446396
818,0.21804976190440356
819,0.007464280209969729
820,0.01991310906247236
821,0.014963555140857352
822,0.008245070473058148
823,0.12339733257889747
824,0.02566551899537444
825,0.04321489582303911
826,0.021833159821326262
827,0.022950367927987828
828,0.020105106643168256
829,0.025481378459371627
830,0.0353515196358785
831,0.03922988778911531
832,0.021204216144979
833,0.05934853623068193
834,0.09118323872593465
835,0.08895618442445993
836,0.10277102619409562
837,0.179147662371397
838,0.032476810375228524
839,0.03470361513318494
840,0.09785453193355352
841,0.021354348747991025
842,0.013417621066328139
843,0.09128089179750531
844,0.04119430894032121
845,0.07081632055342198
846,0.1138162712007761
847,0.03969355151057243
848,0.012972457997966558
849,0.029047421558061615
850,0.07051709647290409
851,0.07264407068490981
852,0.010124648754863302
853,0.049347367193549874
854,0.04734677091706544
855,0.056550686424598096
856,0.12696620777249337
857,0.04088686180766672
858,0.08391915712803893
859,0.10831934385932981
860,0.02142764252377674
861,0.036715146251954135
862,0.020005796873010694
863,0.016492900526791344
864,0.1327944513654802
865,0.038495659233885815
866,0.029641038910485803
867,0.23999196603894235
868,0.0777778243413195
869,0.05978352643549442
870,0.04528333579422906
871,0.00676298359176144
872,0.07474443599581719
873,0.08831836802419275
874,0.05452069712657249
875,0.22230294361710548
876,0.09454335801303387
877,0.017994427857920527
878,0.06457602807320655
879,0.007415285989409313
880,0.02692343675334996
881,0.1189924030099064
882,0.17181339624337852
883,0.02243419645659742
884,0.10218956487253308
885,0.006082902758353157
886,0.07572131188062485
887,0.009853682327084244
888,0.03374227267777315
889,0.0456533819087781
890,0.0702234703488648
891,0.017777978852391244
892,0.0035204430081648753
893,0.038936842768453064
894,0.007444660203327657
895,0.04126833053072915
896,0.00392672853951808
897,0.02921886370051652
898,0.05463749875547364
899,0.051617163034970874
900,0.0019101168110501022
901,0.04746903907333035
902,0.018022800118196756
903,0.019270433743949978
904,0.042113727927207946
905,0.0540940092690289
906,0.044103768095374106
907,0.001736893126508221
908,0.013698395614046604
909,0.019520022177603097
910,0.18955184578662737
911,0.06915473222732543
912,0.14460988024249674
913,0.25668142203241584
914,0.08752241167705506
915,0.12778056789655237
916,0.026966069517657162
917,0.1168575738556683
918,0.23496103543729988
919,0.055204351413995024
920,0.03223977491259575
921,0.06485965546686202
922,0.042961378414183855
923,0.04490132130216807
924,0.08262902274727821
925,0.009336671310011297
926,0.017604949112210305
927,0.08204519220860675
928,0.04324888460338116
929,0.017809369368478656
930,0.11024902548640966
931,0.023334159776568414
932,0.08590712504694238
933,0.12368031754158437
934,0.026537908150348812
935,0.0262156936340034
936,0.023177647169213743
937,0.03721149509772658
938,0.04257719038520008
939,0.41508163288235667
940,0.04062333185574971
941,0.014704339302552398
942,0.07612294385333371
943,0.08588167648762464
944,0.03582067957147956
945,0.02031955499202013
946,0.0895464169268962
947,0.005581938130198978
948,0.004379619515239028
949,0.09268331299972488
950,0.10812583146616817
951,0.04477267690934241
952,0.012975130308186636
953,0.05443389462481719
954,0.10536030434072018
955,0.0474544933217112
956,0.03277338959320332
957,0.06508395864861086
958,0.038021077704615894
959,0.03752887104707042
960,0.16737188923172652
961,0.2056209285929799
962,0.08296971098519862
963,0.02033902400871739
964,0.1109955313242972
965,0.002654962157830596
966,0.07125452880747617
967,0.07195696702226996
968,0.031141536738723517
969,0.005083950161933899
970,0.04203652367228642
971,0.027212606880348177
972,0.02122098456835374
973,0.011729577120640898
974,0.011861842293292284
975,0.06241784248501062
976,0.03226904224604368
977,0.050973424832336606
978,0.17691082745790482
979,0.0049487576706451365
980,0.216044606899668
981,0.06385846841789317
982,0.015829132496146484
983,0.09011855414602905
984,0.0733895451691933
985,0.27726180804893374
986,0.022955513685010375
987,0.19619971301872283
988,0.11752819038927555
989,0.015801648905035107
990,0.05670586191117764
991,0.06432104252511635
992,0.203133081831038
993,0.07487925488036126
994,0.07395467927213759
995,0.05684007032541558
996,0.21845541283488273
997,0.019466308190021663
998,0.03762274598702788
999,0.014869995721674058
1000,0.23913905816385522
1001,0.10311631426215172
1002,0.04366938502935227
1003,0.018062551401089876
1004,0.002119749340163253
1005,0.0504489257466048
1006,0.06854802876230678
1007,0.008575214192969725
1008,0.5432760338881053
1009,0.14512213937938212
1010,0.031671484527178106
1011,0.013041020504897461
1012,0.115543647184968
1013,0.02352845698595047
1014,0.1640990214329213
1015,0.1489048171369359
1016,0.07327257024359823
1017,0.03596855183015577
1018,0.009693777021020651
1019,0.017516245781444013
1020,0.13355708254151977
1021,0.09037874106317759
1022,0.09650088373571634
1023,0.005489724040962755
1024,0.0893139770347625
1025,0.022858526210766287
1026,0.11515364897437394
1027,0.023563650904688985
1028,0.02430916191660799
1029,0.02849267666802916
1030,0.08476659586653114
1031,0.04170004736748524
1032,0.03123293414246291
1033,0.07324093752889894
1034,0.012270941217429936
1035,0.06746194515377284
1036,0.0237306457827799
1037,0.07730777689255774
1038,0.353946522854967
1039,0.08480075784027577
1040,0.03025259042158723
1041,0.02263976288959384
1042,0.13394686924060806
1043,0.07691362387151457
1044,0.018107171478186503
1045,0.026805474092252552
1046,0.011117998816771432
1047,0.019545301682082936
1048,0.05011431600592914
1049,0.17273226568475367
1050,0.03550385124050081
1051,0.11722153230453841
1052,0.006857797568663955
1053,0.027453727257670833
1054,0.1563271925202571
1055,0.10983056899160147
1056,0.0318591727130115
1057,0.009678061411250383
1058,0.2817676437832415
1059,0.04859178666491062
1060,0.04434186828555539
1061,0.0747598659619689
1062,0.05633785296231508
1063,0.049790425840765234
1064,0.05122779826597253
1065,0.04093035090714693
1066,0.010389713058248162
1067,0.0871954384725541
1068,0.05582145491614938
1069,0.0438973733689636
1070,0.044271870609372856
1071,0.02057225220138207
1072,0.016576794048014563
1073,0.04146023094654083
1074,0.04653869156027213
1075,0.01970232615247369
1076,0.08160926301032305
1077,0.06270314380060882
1078,0.006141978049417958
1079,0.04173776130657643
1080,0.010201884197595063
1081,0.0315355728357099
1082,0.053376108316297174
1083,0.11192217227071524
1084,0.059347632406279445
1085,0.01193816704209894
1086,0.025242784190922976
1087,0.012442876123823226
1088,0.09690896114334464
1089,0.0444744183140574
1090,0.020239477135473864
1091,0.13462263088673354
1092,0.02253370984501089
1093,0.09198743299231865
1094,0.00910993811154185
1095,0.05194741473533213
1096,0.2304026136174798
1097,0.016577006263833027
1098,0.057928350567817685
1099,0.040377919487655164
1100,0.034962889067828656
1101,0.021938684279448353
1102,0.028482901491224767
1103,0.04562223546206951
1104,0.0664280308317393
1105,0.10209629828343168
1106,0.03131736193783581
1107,0.19632407267810778
1108,0.005035386975105211
1109,0.04538420102238888
1110,0.033016231544315815
1111,0.018872688186820596
1112,0.040715246815234425
1113,0.20363783665932714
1114,0.07974699949030764
1115,0.17194101423956454
1116,0.058168407415505496
1117,0.020893449601717292
1118,0.12015264775604009
1119,0.07228569323429838
1120,0.033402116410434245
1121,0.0577056185722904
1122,0.04544476850656792
1123,0.03836051849881187
1124,0.02198290899003041
1125,0.08416698145563714
1126,0.12278321200050414
1127,0.17434159099590033
1128,0.06191322060883977
1129,0.09090214339317754
1130,0.12718869984149933
1131,0.003126550006563775
1132,0.05777576301246881
1133,0.0036905894987285135
1134,0.01896656578639522
1135,0.12051581262145192
1136,0.0676469855569303
1137,0.08560557890683412
1138,0.007152978323865682
1139,0.06547791198128834
1140,0.054309653348755094
1141,0.03679476744728163
1142,0.07534300299361348
1143,0.05172550745308399
1144,0.036361698899418114
1145,0.03078959045233205
1146,0.021503756601014175
1147,0.05826874024001882
1148,0.047742845993489026
1149,0.0822415456455201
1150,0.01368804632802494
1151,0.04626034942106344
1152,0.0265673819577205
1153,0.06890136005356907
1154,0.01232447222864721
1155,0.011517786252661609
1156,0.08192281385767274
1157,0.02888254781253636
1158,0.059010583967901764
1159,0.016682127686217428
1160,0.08561380550963804
1161,0.02516774693271145
1162,0.02310994630679488
1163,0.024285265845246613
1164,0.0261478271294618
1165,0.025981348967179657
1166,0.004211663461755961
1167,0.28074485570192337
1168,0.030232710376149042
1169,0.05153434908017516
1170,0.03845462522484013
1171,0.04371761093381792
1172,0.05498743101081345
1173,0.02882394806430966
1174,0.008333157157758252
1175,0.020858639029611367
1176,0.044241130352020264
1177,0.04409304832108319
1178,0.0423452615365386
1179,0.016512322622875216
1180,0.1311392045672983
1181,0.04752276467159391
1182,0.041698103565722705
1183,0.01896553259983193
1184,0.006035284854006022
1185,0.003935991829494014
1186,0.017776664141565562
1187,0.09783324814401567
1188,0.032854588935151696
1189,0.07186131311987992
1190,0.04736817132565193
1191,0.010618410492315888
1192,0.03161730770138092
1193,0.048608978006523106
1194,0.22755292126443238
1195,0.021265705544501544
1196,0.04793150252196938
1197,0.033591422280296684
1198,0.025342702311463655
1199,0.04095457831572276
1200,0.03431585722370073
1201,0.006803687025530962
1202,0.05843834387138486
1203,0.018393169725313782
1204,0.23214421467389912
1205,0.057950167572125795
1206,0.006825413393235067
1207,0.007159614706470165
1208,0.038629815415479246
1209,0.009082789359381423
1210,0.026553752846084536
1211,0.05966111432760954
1212,0.011933751096075867
1213,0.062202346064150336
1214,0.08617746790871024
1215,0.1057493749819696
1216,0.022940366227412596
1217,0.12311218172311783
1218,0.05043371166102588
1219,0.151249964623712
1220,0.22903764295857398
1221,0.10709884004667401
1222,0.0816117432154715
1223,0.052416673451662066
1224,0.01944699151441455
1225,0.06446551793254912
1226,0.04981142264790833
1227,0.003566788074676879
1228,0.13739317577332258
1229,0.22373630343936385
1230,0.011434532892890275
1231,0.105835947021842
1232,0.006985650218193768
1233,0.11912878022179939
1234,0.02281160805374384
1235,0.0603798199724406
1236,0.05211791520065162
1237,0.02958710280014202
1238,0.037785555573645976
1239,0.03951388827990741
1240,0.29992441296577455
1241,0.022026307033738705
1242,0.010666044275276364
1243,0.033330264720134437
1244,0.08110563278198242
1245,0.07787935780128465
1246,0.02591822958784178
1247,0.05818749334663153
1248,0.007583713138010353
1249,0.0015366431999427731
1250,0.269305789899081
1251,0.03394841311732307
1252,0.009855304752709343
1253,0.028412956513930113
1254,0.03583035686518997
1255,0.030943222753703595
1256,0.10561969051137567
1257,0.08673723262152634
1258,0.035547200886067006
1259,0.10658020372269675
1260,0.08207715010037646
1261,0.03828169517160859
1262,0.33112373912590554
1263,0.026265788739547134
1264,0.06358569018542766
1265,0.04359360109549016
1266,0.01094205138128018
1267,0.005857422837871127
1268,0.027217206617351622
1269,0.023737319752690382
1270,0.015065912753343583
1271,0.028589300219900905
1272,0.011649620909010991
1273,0.028051747668068856
1274,0.06867290893220343
1275,0.03293311016634107
1276,0.03389966285554692
1277,0.02255162495537661
1278,0.09579378720372915
1279,0.0382577399071306
1280,0.09375965172424912
1281,0.02137732720002532
1282,0.14754123223479837
1283,0.09148542042821646
1284,0.07498159062117338
1285,0.0035707285883836448
1286,0.007568621395912487
1287,0.026278454847633838
1288,0.0034085752244573087
1289,0.07381493676453829
1290,0.004635379526298493
1291,0.2802675954438746
1292,0.04726248309365474
1293,0.20602294793352485
1294,0.02876096175517887
1295,0.021689481977373363
1296,0.02259912816574797
1297,0.034271829361096025
1298,0.010457366674672812
1299,0.3439119645114988
1300,0.014845111394824926
1301,0.2401788529753685
1302,0.11433892622590065
1303,0.10589071200345643
1304,0.16272552710026503
1305,0.13787924306467175
1306,0.033220536247827115
1307,0.13741105377674104
1308,0.005233124869409949
1309,0.01109644306183327
1310,0.28998618382960556
1311,0.033442117451922965
1312,0.05133175692637451
1313,0.020128624103963374
1314,0.05405794663354754
1315,0.025076931128278374
1316,0.048273569247685374
1317,0.09581867394037545
1318,0.06336797341704369
1319,0.00617709026846569
1320,0.031038924138993024
1321,0.0998250237107277
1322,0.01742338667256263
1323,0.04282369025982916
1324,0.07160940550267697
1325,0.13664698323234917
1326,0.0782985334971454
1327,0.0008854320405953331
1328,0.0656136976648122
1329,0.0136291008873377
1330,0.04784401315584546
1331,0.14034730419516564
1332,0.03747491180583893
1333,0.002626405516639352
1334,0.05283760345075279
1335,0.10049610055983066
1336,0.43829419028013944
1337,0.050000045134220274
1338,0.08682946266140788
1339,0.012244804881338495
1340,0.043182414162438364
1341,0.13470327828457812
1342,0.10869156685046619
1343,0.010976595121901482
1344,0.02246970790089108
1345,0.09609108317643404
1346,0.10772080427967012
1347,0.018650314780825284
1348,0.12265297562262276
1349,0.14016817927360534
1350,0.012618499498348684
1351,0.05324466235470027
1352,0.02091058731166413
1353,0.022462983271107077
1354,0.057900615017861125
1355,0.10504814266198081
1356,0.11166142107918858
1357,0.05648435131763108
1358,0.03013684560544789
1359,0.06036062757251784
1360,0.0055357465393171875
1361,0.10393992401659488
1362,0.04289864162274171
1363,0.020966017909813672
1364,0.015471023772843182
1365,0.12831633023452013
1366,0.007994610709138214
1367,0.052501258591364605
1368,0.03566012286988553
1369,0.025064518274739385
1370,0.03221175882034004
1371,0.02264449359383434
1372,0.07737769849481993
1373,0.07750465518329293
1374,0.11694284326862543
1375,0.10433331534964964
1376,0.04123200909234583
1377,0.16352926533669232
1378,0.12440673489996698
1379,0.03785394513048232
1380,0.12189570381538943
1381,0.058676247550174594
1382,0.2613396582379937
1383,0.0343844855716452
1384,0.017442966979942867
1385,0.14920659655239432
1386,0.045187440123409035
1387,0.037326929622795435
1388,0.03382531840237789
1389,0.12614672032184898
1390,0.07853990219533444
1391,0.0977280146162957
1392,0.0563613295275718
1393,0.007270151277916739
1394,0.01837837397819385
1395,0.04584877319168299
1396,0.17791807262168732
1397,0.04316226620227098
1398,0.02641535496863071
1399,0.028674856619909407
1400,0.16164992440491915
1401,0.003213506278116256
1402,0.0021956688995123843
1403,0.25116133388131856
1404,0.1346309910551645
1405,0.027861220333725213
1406,0.1664285692234989
1407,0.09696942977840081
1408,0.2170442172884941
1409,0.0023214270293829033
1410,0.06145656209439039
1411,0.043625558726489544
1412,0.06620342530426569
1413,0.05560936044435948
1414,0.04994759396649897
1415,0.1285103405173868
1416,0.18999717578291894
1417,0.06293188363917579
1418,0.06832876674830914
1419,0.071126062348485
1420,0.18007691332837567
1421,0.056865425147116185
1422,0.10315432697534561
1423,0.0916907662304584
1424,0.15228292397529003
1425,0.04261986742727458
1426,0.02826423223130405
1427,0.16123331233859062
1428,0.10261722336130333
1429,0.08659151060506702
1430,0.1272212719731033
1431,0.04924475706298836
1432,0.09934047171846032
1433,0.2249197280034423
1434,0.19973990758764557
1435,0.03250674407929182
1436,0.031098298602737485
1437,0.06762081686814782
1438,0.025273803528398274
1439,0.17692160572856663
1440,0.0022845669413072756
1441,0.046964760241098705
1442,0.017666473520803264
1443,0.024475236866855994
1444,0.07969149804208428
1445,0.04233351388247684
1446,0.07417670297436416
1447,0.023997420715750194
1448,0.06199559105094522
1449,0.012364496254594997
1450,0.09674477132968605
1451,0.09639508745967759
1452,0.03643456513178535
1453,0.029637535945512355
1454,0.03306768756126985
1455,0.0529590769065544
1456,0.007311756103299558
1457,0.030918851494789124
1458,0.01634805804817006
1459,0.009140231974888592
1460,0.016170948003418742
1461,0.047392877501551994
1462,0.12245162670966238
1463,0.016700128066440813
1464,0.12423390056472272
1465,0.09320044502615929
1466,0.08113258877769113
1467,0.015497501111822203
1468,0.014225740628316998
1469,0.06087063822662458
1470,0.04145660080073867
1471,0.003914414883474819
1472,0.011192121030762791
1473,0.02733276297338307
1474,0.1132814720273018
1475,0.06606070374895352
1476,0.028708127900026737
1477,0.04987982571590692
1478,0.049636739064008
1479,0.13932969458401204
1480,0.03031033052597195
1481,0.031291451815050095
1482,0.02182870243967045
1483,0.03948714427649975
1484,0.010668104180367663
1485,0.15470357939600946
1486,0.02766052357852459
1487,0.09612958279729356
1488,0.043707685563713315
1489,0.06642678102478385
1490,0.03574325628578663
1491,0.03306203659041785
1492,0.03580114388372749
1493,0.0010889833279361483
1494,0.05043792551965453
1495,0.19242228280752896
1496,0.01015873119875323
1497,0.021888931419234724
1498,0.015273825181648135
1499,0.014488745376875159
1500,0.035285238997312264
1501,0.17107401020824908
1502,0.14114211960579268
1503,0.01712097522453405
1504,0.036159633193165064
1505,0.07165022705681622
1506,0.050557674779556694
1507,0.06944809390231967
1508,0.08749063047813252
1509,0.057391101038956546
1510,0.029765010215342044
1511,0.023998654196038843
1512,0.044996475760126484
1513,0.010446891223546117
1514,0.046170823444845153
1515,0.12851118530932581
1516,0.01540691908216104
1517,0.14444133158773184
1518,0.040267979416530576
1519,0.009445639174082317
1520,0.044830301860347394
1521,0.08125916983699426
1522,0.13143000371754168
1523,0.007528268970636418
1524,0.059359339730581266
1525,0.014967373670078814
1526,0.041935818055644634
1527,0.07021800525602885
1528,0.019883993891999126
1529,0.03675827644765377
1530,0.20896458932198583
1531,0.12875692198540492
1532,0.0170681210863404
1533,0.016145836593350397
1534,0.0803372404165566
1535,0.20000984232872723
1536,0.09872531482949853
1537,0.02088334677799139
1538,0.0593929186090827
1539,0.05248496551066637
1540,0.008029877263761592
1541,0.07080370220472104
1542,0.1390597800258547
1543,0.04608371760696173
1544,0.11061630835290998
1545,0.042001018906012176
1546,0.029932898910483344
1547,0.017274089381098746
1548,0.027150833632331343
1549,0.024029536790330895
1550,0.028125806919997557
1551,0.014409260842949152
1552,0.004903525169356726
1553,0.07394169171224348
1554,0.06082224274519831
1555,0.02484699147171341
1556,0.08846761483466253
1557,0.07290272701531648
1558,0.0862298897979781
1559,0.021211071577854453
1560,0.009707713158786647
1561,0.06564444137358805
1562,0.0118381799213239
1563,0.02841106436215341
1564,0.008013087129147606
1565,0.048219432060141114
1566,0.035260193445719776
1567,0.011959331569378263
1568,0.007618448056746274
1569,0.22738581938203425
1570,0.018615980525610212
1571,0.07713292500004172
1572,0.10720666046487168
1573,0.025106030052993448
1574,0.006308877759001916
1575,0.28567131833173337
1576,0.012937064702273347
1577,0.006241808405029588
1578,0.00814893668051809
1579,0.04733881561551243
1580,0.031736043744604106
1581,0.06825165394693614
1582,0.030045002098195255
1583,0.07493177298863885
1584,0.14367623719183029
1585,0.04885700451210141
1586,0.04683716731145978
1587,0.03227576665580273
1588,0.027912600729614497
1589,0.005082452525384724
1590,0.0028633967180212495
1591,0.13399951988831163
1592,0.025872697402373888
1593,0.01714356096345
1594,0.031261623002355916
1595,0.03892653743620031
1596,0.04358537947293371
1597,0.009026876939460636
1598,0.0037057617669779574
1599,0.06150217446498573
1600,0.05356213462771848
1601,0.01122449335642159
1602,0.15101831404957922
1603,0.28760369641706346
1604,0.030669553112238644
1605,0.17964538462460042
1606,0.015330514242887148
1607,0.022982158443410297
1608,0.07203036549501121
1609,0.04488761930726468
1610,0.07706364227924496
1611,0.03446114293299615
1612,0.03754005469381809
1613,0.10833261340856552
1614,0.06524914596229792
1615,0.01335654218448326
1616,0.12279107997193933
1617,0.1578463484533131
1618,0.06636938440613449
1619,0.3137523967400193
1620,0.028978305379860105
1621,0.07552720464766026
1622,0.07354269951232709
1623,0.11680606596171855
1624,0.03770513991825283
1625,0.04910688501317054
1626,0.009644216077867895
1627,0.02292922681779601
1628,0.11528542501851917
1629,0.016598115453962236
1630,0.03495023209601641
1631,0.031161238397471605
1632,0.0875955412350595
1633,0.12822917982935905
1634,0.017147327659477015
1635,0.13701537829823793
1636,0.0527142929751426
1637,0.0351289926643949
1638,0.026172486669383942
1639,0.02642573987133801
1640,0.009171560164541006
1641,0.04275938565086108
1642,0.04262351487763226
1643,0.06099768522195518
1644,0.05475349379819818
1645,0.19658954802900552
1646,0.018677968555130063
1647,0.021997677590698005
1648,0.06603265249170363
1649,0.07633097507059575
1650,0.01783131742849946
1651,0.021580959648563294
1652,0.09501898390240968
1653,0.011548584545962512
1654,0.037644411232322456
1655,0.014557041053194553
1656,0.00216712806999567
1657,0.0313137708324939
1658,0.0543519427627325
1659,0.04407713404390961
1660,0.1124057250469923
1661,0.0035080851810926107
1662,0.012744149200152606
1663,0.014276270304108038
1664,0.06206395173619967
1665,0.3636756917857565
1666,0.09531832342036069
1667,0.020695188380777836
1668,0.003699407684034668
1669,0.02941852305084467
1670,0.011567279046867043
1671,0.12059575635939837
1672,0.22890281852334737
1673,0.043165448871441185
1674,0.06314782710454893
1675,0.01793986023985781
1676,0.07374804764054715
1677,0.04522701013833284
1678,0.005497919938643463
1679,0.1664228131249547
1680,0.013711334119725506
1681,0.009630247856548521
1682,0.11191088749095797
1683,0.04785272775217891
1684,0.004998131669126451
1685,0.017818497677508274
1686,0.033005233753938226
1687,0.09335122724995017
1688,0.1109275959059596
1689,0.07192299912683665
1690,0.015004554919432849
1691,0.024565131119452417
1692,0.016475025349936914
1693,0.18420238657388835
1694,0.02491048768395558
1695,0.05970445692073554
1696,0.047057628055335955
1697,0.03564358591218479
1698,0.04255314219743014
1699,0.07439507948700338
1700,0.04687199208361562
1701,0.08473400451242924
1702,0.032607110447133894
1703,0.05457670908421278
1704,0.1230360903032124
1705,0.2763716445863247
1706,0.1268516731262207
1707,0.06721241884166375
1708,0.15583336399286055
1709,0.048696761920582504
1710,0.0566607760079205
1711,0.19970914989709854
1712,0.02062401224859059
1713,0.03712308332382236
1714,0.0032987768482416868
1715,0.07302250590175391
1716,0.05098300463054329
1717,0.01619221895318333
1718,0.011566524433437735
1719,0.009041120123220026
1720,0.014018696537241339
1721,0.04237397096119821
1722,0.03308284981176257
1723,0.007899565633852034
1724,0.15838421253487467
1725,0.03519477915368043
1726,0.06499380636028945
1727,0.06280539111234247
1728,0.059339461834752
1729,0.027343695150630083
1730,0.02326807277277112
1731,0.12479877439327539
1732,0.055546320464927704
1733,0.16356784075498582
1734,0.010473085739649833
1735,0.04543698463588953
1736,0.1500286266207695
1737,0.008443451363709754
1738,0.0968853104300797
1739,0.025681963365059346
1740,0.005386923510232009
1741,0.005278485026792623
1742,0.24074308674782516
1743,0.03302406188100576
1744,0.07294659765786492
1745,0.11975855344091542
1746,0.2883844814822078
1747,0.015576700237579644
1748,0.21743967104703188
1749,0.028261917098425328
1750,0.012699670631845947
1751,0.006327624069526792
1752,0.05092502019368112
1753,0.03393886940088123
1754,0.049583196141757074
1755,0.22148643034277485
1756,0.0752888672426343
1757,0.04843661366961896
1758,0.01530277093173936
1759,0.024092174228280784
1760,0.02692772325295664
1761,0.050261572385206815
1762,0.08121539591636974
1763,0.019140374184353277
1764,0.05794359110412188
1765,0.05726979361847043
1766,0.04678640669444576
1767,0.024715780448168516
1768,0.014149057266768067
1769,0.0010495296929730101
1770,0.011301845316775144
1771,0.16036046225752215
1772,0.006430755127803422
1773,0.04759103626012802
1774,0.050247896453365685
1775,0.029666876457631587
1776,0.18526895146351308
1777,0.11218484942335635
1778,0.09013004226610065
1779,0.03580363754183054
1780,0.0050049238960491495
1781,0.024864628058858217
1782,0.0038948259322205557
1783,0.07863752665696666
1784,0.14407688628765755
1785,0.0667873552441597
1786,0.11668788976501673
1787,0.028748504512477666
1788,0.04612449697393459
1789,0.012141243275254964
1790,0.04237579343607649
1791,0.029119666051119566
1792,0.1744005352910608
1793,0.047114043529145416
1794,0.050530607886612414
1795,0.16271088316105306
1796,0.22324547410942613
1797,0.026786931446986274
1798,0.05226452581700869
1799,0.04874024392454885
1800,0.0050773401855985865
1801,0.14447850093245507
1802,0.032447748525300996
1803,0.030450968872755765
1804,0.0039038205074029973
1805,0.014085554368139129
1806,0.04831512951175682
1807,0.025706264210166408
1808,0.20401795852696522
1809,0.010490341000258923
1810,0.011490805808425647
1811,0.05237022632732988
1812,0.02122216551564634
1813,0.022641263775876722
1814,0.1620686484966427
1815,0.033550927489995955
1816,0.0485403160750866
1817,0.3261744181998074
1818,0.07434598485357129
1819,0.10801404458004982
1820,0.003870955921011046
1821,0.3065503492287826
1822,0.03522583061829209
1823,0.01734560516430065
1824,0.037030916698276996
1825,0.07309067347086966
1826,0.08262582012452185
1827,0.08757112175226212
1828,0.029771623900160193
1829,0.12212374746799469
1830,0.010070415332447737
1831,0.004239192969398573
1832,0.06092951510101557
1833,0.14078656893223523
1834,0.010946994616897427
1835,0.07788941832259297
1836,0.09383984960615635
1837,0.04560814893804491
1838,0.04581470558885485
1839,0.027742565756780094
1840,0.216064267640013
1841,0.08670989774167538
1842,0.05727682944154367
1843,0.029460559765575454
1844,0.06305097470059991
1845,0.04786539231892675
1846,0.012946035462082364
1847,0.004293432249687612
1848,0.012044332675723126
1849,0.062339027668349443
1850,0.030487022032029926
1851,0.015286624561995268
1852,0.0685478955693543
1853,0.02939828943926841
1854,0.10214758804999292
1855,0.027845972244394942
1856,0.015944688436575233
1857,0.011490038477350027
1858,0.0172884042840451
1859,0.027860867890994997
1860,0.047757112984545526
1861,0.18031205656938254
1862,0.03806905210018158
1863,0.005265032243260066
1864,0.014075488885973755
1865,0.024493570532649757
1866,0.09172891262860502
1867,0.15294922329485416
1868,0.03450365932745626
1869,0.016696124982554465
1870,0.04296213514171541
1871,0.039989893734455106
1872,0.051037034769542515
1873,0.03843397457152605
1874,0.031497567890619395
1875,0.34045522375032305
1876,0.004962204301846213
1877,0.024098676226567476
1878,0.055827561817131936
1879,0.013304196682875045
1880,0.06172393850982189
1881,0.007711205577361397
1882,0.12258149422705174
1883,0.016950120199471713
1884,0.11933517145051155
1885,0.13726961761713027
1886,0.02483278679836076
1887,0.02041831077047391
1888,0.011199877940816805
1889,0.16420178915839642
1890,0.052496706712991
1891,0.06410625790711492
1892,0.023584656086750328
1893,0.025893851625151
1894,0.012823540517129004
1895,0.03417636761267204
1896,0.026220782306045295
1897,0.12529035234358163
1898,0.06709568364312872
1899,0.01963764138519764
1900,0.0714740738691762
1901,0.26256246492266655
1902,0.007151679325033911
1903,0.026427859000395983
1904,0.03923705100343795
1905,0.08526926886755973
1906,0.06079767941497266
1907,0.04465064992371481
1908,0.00013058511831331998
1909,0.030518780313432217
1910,0.0684977179672569
1911,0.06094539308687672
1912,0.046366240484640005
1913,0.03746447258396074
1914,0.08543707931530661
1915,0.04211386792128906
1916,0.026432804543874228
1917,0.00830733881550259
1918,0.020567060083703837
1919,0.03149439846514724
1920,0.18358968671411277
1921,0.07661488235462457
1922,0.02128883573692292
1923,0.021998308086767792
1924,0.056456280183047054
1925,0.03169468533596955
1926,0.019380681740585715
1927,0.06387053416809067
1928,0.07178591402247549
1929,0.08059243746101856
1930,0.03155844877604977
1931,0.011540473102359101
1932,0.037563711837865416
1933,0.02776338271854911
1934,0.19039416559040545
1935,0.03181301958858967
1936,0.024701296421699225
1937,0.04293558472301811
1938,0.06966991536319256
1939,0.07342802006751299
1940,0.011703350953757763
1941,0.03418141632457264
1942,0.13154261767864228
1943,0.059956306256353856
1944,0.031787374280393126
1945,0.02302389930235222
1946,0.11327828252222388
1947,0.24797856560908257
1948,0.09248558070510626
1949,0.04213306735851802
1950,0.05128314792644233
1951,0.0336250532604754
1952,0.017680747704580425
1953,0.015115671362145804
1954,0.07166560888290405
1955,0.01023483761891839
1956,0.048615293125621975
1957,0.04333548355847597
1958,0.08769032992408028
1959,0.04402631452307105
1960,0.04442579955211841
1961,0.005805575626145583
1962,0.02804027820006013
1963,0.41512947446201
1964,0.034052353887818756
1965,0.06097832981497049
1966,0.00927866435435135
1967,0.007845556866959669
1968,0.09328568315133452
1969,0.08577592580579221
1970,0.046469810474663975
1971,0.17664235605858267
1972,0.03930340378079564
1973,0.06194954352162313
1974,0.05367781206965447
1975,0.10334931353107095
1976,0.04928755918517709
1977,0.06203460050746799
1978,0.08395978568121791
1979,0.017562414098647422
1980,0.18701160280033946
1981,0.018834997676312925
1982,0.031039850246161224
1983,0.05313229345716536
1984,0.026300388635136188
1985,0.05265887640183792
1986,0.019664223957515787
1987,0.01759200230357237
1988,0.1380100553005468
1989,0.1518043203651905
1990,0.04042880257125944
1991,0.1170951677300036
1992,0.025323057784698903
1993,0.11843456290662288
1994,0.07152609817916528
1995,0.003135895875748247
1996,0.0805988140590489
1997,0.04286352429538965
1998,0.2185296936519444
1999,0.06230178720317781
2000,0.02964805274270475
2001,0.1345750092365779
2002,0.017531929705291986
2003,0.07083519953303039
2004,0.058224323594477025
2005,0.0723349925992079
2006,0.014353711947333068
2007,0.036608455325476824
2008,0.016117267129011452
2009,0.052875018974300476
2010,0.027495398223400115
2011,0.039515166524797675
2012,0.010428069306071848
2013,0.034933370156213644
2014,0.014394514196319506
2015,0.04624850445659831
2016,0.029978246581740677
2017,0.04449661110527813
2018,0.0760850708000362
2019,0.17501172423362732
2020,0.038857377795502544
2021,0.08106698144227266
2022,0.11528522975917439
2023,0.09291290231049061
2024,0.16222773652523756
2025,0.05076691914349794
2026,0.14586278513073922
2027,0.013950770664960145
2028,0.008909074349794537
2029,0.09193028394132853
2030,0.009499163823202253
2031,0.08750381600111723
2032,0.030387063696980476
2033,0.004512512567926024
2034,0.03742298019118607
2035,0.24433280888944864
2036,0.08205523574724793
2037,0.008694955874234437
2038,0.024774249957408755
2039,0.07713597677706276
2040,0.010243785716593266
2041,0.02232574742869474
2042,0.052548284952063117
2043,0.11385408374248072
2044,0.02803442025615368
2045,0.012471707137301564
2046,0.024818306351080538
2047,0.1068049380381126
2048,0.00878519685473293
2049,0.015354893147014081
2050,0.13712009084119928
2051,0.030941602069651707
2052,0.016376712408382444
2053,0.0011673306352167857
2054,0.04371150139719248
2055,0.036958291735500096
2056,0.02725619972392451
2057,0.03188389172195457
2058,0.12599393215961754
2059,0.027576804938726128
2060,0.006768004545010626
2061,0.13499395629856736
2062,0.084041740084067
2063,0.06397185204550623
2064,0.057344131227582695
2065,0.01292785712656041
2066,0.122557697534794
2067,0.025889313055668026
2068,0.05894934136187658
2069,0.07851691806106828
2070,0.020609760764054953
2071,0.015078325914219022
2072,0.06782088815700263
2073,0.05777979455888271
2074,0.3207094804244116
2075,0.06033856239519082
2076,0.001422874016861897
2077,0.018492704685777427
2078,0.027535032872110607
2079,0.02596774128265679
2080,0.01712539641557669
2081,0.0340218692459166
2082,0.029658606708981097
2083,0.0365590813010931
2084,0.002895151916600298
2085,0.12295482989400625
2086,0.06872466733679175
2087,0.061348094462882724
