ID,C13,C14
0,0.0093096119261876,0.0844538711752802
1,0.0030320891527712,0.0167973966235122
2,0.0253141158697648,0.1011847880071555
3,0.0062131734838889,0.0261974699750835
4,0.0062960264730695,0.0145831933695417
5,0.0185587293373605,0.0218448940794742
6,0.0589347770152703,0.326581302338961
7,0.006514244774667,0.0314988066892665
8,0.0163747250516512,0.0482335229825521
9,0.0036043878352988,0.0158841305600772
10,0.0145015631996334,0.0549707022363845
11,0.0081511970276328,0.021260049201298
12,0.0054400746402511,0.0166584451871285
13,0.0055982447301407,0.0098995520601575
14,0.0086607088450595,0.0267353908783816
15,0.0040605059765998,0.0155024635095442
16,0.0044745599806678,0.0421895155813372
17,0.0054809026259367,0.0992278478442285
18,0.0061996793109987,0.0498637999188913
19,0.0362789370812383,0.2971467093565634
20,0.0264214083255642,0.0523182288087964
21,0.0062996089827042,0.0189373584943651
22,0.0067461336401952,0.0155112620049449
23,0.0268726085668508,0.0423760979828485
24,0.0075777900992083,0.1125496828316654
25,0.0256702831940633,0.1367411667051028
26,0.0287148052258776,0.4039932595941691
27,0.0045769890856949,0.0118251678867791
28,0.0150878806661471,0.017015343480959
29,0.0191099623727272,0.0586107667367441
30,0.0044980720257858,0.0563588621952631
31,0.0277068317056323,0.0832224564436883
32,0.0132146910829537,0.2475834487922084
33,0.005792849063187,0.0249641575282267
34,0.0133555134734028,0.0256310008480041
35,0.0054027009354517,0.0476128586814566
36,0.008289095170699,0.0275066883840891
37,0.0050157866307249,0.0192259449758394
38,0.0275761023798854,0.0175989948983597
39,0.0052014532010848,0.0184872068565864
40,0.1641414579471988,0.085591678602138
41,0.0032882478553123,0.0126491367918033
42,0.0178549282347152,0.0418291745517463
43,0.0044740955344654,0.0451860442043808
44,0.0066458400505557,0.055817562162626
45,0.0126523892105755,0.0190466084531335
46,0.0090569934899808,0.0431866006619357
47,0.0038389063947083,0.0179587334059006
48,0.0051148762858478,0.0152803824820848
49,0.0061593370727909,0.0242237699930383
50,0.0233487295874287,0.0197451154598793
51,0.0284399061276194,0.1379442258511672
52,0.0041743737237315,0.0123574150128816
53,0.0052738023904798,0.0122835926812668
54,0.0053624374779023,0.3142793434671303
55,0.0047668728210969,0.0432275177226229
56,0.012646201560688,0.0533361767519791
57,0.0039122539746362,0.0142181142072486
58,0.0121688371138365,0.0577879967494637
59,0.0261579824538562,0.5886161559682632
60,0.0285732809788218,0.0422716574902706
61,0.026277703880783,0.2616755124590027
62,0.0104927865965468,0.086969660915126
63,0.0185072812154662,0.0166636261928188
64,0.029819777795797,0.0557112406603819
65,0.0184328530366887,0.168715994131996
66,0.0110886168176197,0.0275391881076912
67,0.0172934987894454,0.144543876551249
68,0.0240235123780398,0.4124207400526912
69,0.0040000861044295,0.0107235209651817
70,0.0084982010914022,0.0367556997261245
71,0.0068908300190064,0.0229375924899768
72,0.0137305088380121,0.1179111007772162
73,0.0405824596029337,0.0166292108259922
74,0.0047207737542753,0.0242193695229771
75,0.0183328937557011,0.1789781353653934
76,0.0240391277586017,0.0483668526211813
77,0.004395690732213,0.0142660320342811
78,0.0077985029665119,0.0440885395145569
79,0.0169674735981747,0.0775524747622667
80,0.0073113899188005,0.0482687860420965
81,0.0110388021493467,0.0330662823034045
82,0.0057613395692219,0.0278052698921938
83,0.0054924945106226,0.0160546915794084
84,0.0058295705966206,0.0262269290759986
85,0.0038048565801777,0.0098995520601575
86,0.0265063055302793,0.0426617199554284
87,0.0205232564293741,0.0232256867820224
88,0.0036754946631167,0.01493126458801
89,0.0147526445590988,0.0460228600058299
90,0.0066626676224818,0.0283714721516999
91,0.00386054653784,0.022695892323024
92,0.0183088219445612,0.0151985670453696
93,0.0155984698284787,0.0192406754721714
94,0.0212100148627773,0.0679458482699529
95,0.0127452016233068,0.3450700653437862
96,0.0091292607832433,0.026737498796062
97,0.0058873136103333,0.0344314201137576
98,0.0043185079993467,0.1248167290904503
99,0.0091957273934217,0.0583202082779435
100,0.0075267021238009,0.0264058910033027
101,0.0393494385358967,0.0879203573985405
102,0.0122909867740649,0.0447357611773595
103,0.0245027619750321,0.0800245350618907
104,0.0247124906274397,0.150121366801538
105,0.0258684696461163,0.1039366993426638
106,0.0185510259981815,0.0952726216855053
107,0.0121793029313043,0.0210561933708204
108,0.0065368876411643,0.0261517436082768
109,0.0035895330319594,0.0135856461783232
110,0.0256341788227023,0.0569814188856226
111,0.0058147738263191,0.0200405572467543
112,0.0051500734079358,0.0144270797681356
113,0.0193122881891444,0.1280914699527029
114,0.0275599127350464,0.0639416567209237
115,0.0030320891527712,0.0221223051557144
116,0.0062924476405218,0.0289149017261634
117,0.0061200890085505,0.063878154927731
118,0.0071352685035212,0.04092943004063
119,0.0095386130005185,0.0191928901257752
120,0.0032882478553123,0.013658352203417
121,0.0044252381293749,0.0708073024215237
122,0.0057273989597665,0.0239362850333391
123,0.0140535428537764,0.0640786827206439
124,0.0012374325843215,0.0591020554638062
125,0.0054367848560336,0.0430139414456034
126,0.0415323145759207,0.0418799708640263
127,0.0052052222926481,0.0328894043122245
128,0.0127336479710497,0.0363545276776831
129,0.0291735818156443,0.1339353023867416
130,0.034947672320573,0.0507166920796562
131,0.0057958913084125,0.0444321716130771
132,0.0108967016378078,0.0603136089047593
133,0.0104220761676747,0.0228376044323495
134,0.0045004464408752,0.0165656919197472
135,0.0047602708508979,0.1146347342000053
136,0.0094248591484988,0.0376066560201407
137,0.0410608506651219,0.042249012862082
138,0.0297064671869297,0.0143491371781392
139,0.015220243228146,0.0934645383166908
140,0.0206825822130444,0.2143067244905223
141,0.00386054653784,0.0435343198259188
142,0.0032383974757299,0.0126491367918033
143,0.0030320891527712,0.045638641728071
144,0.0275953439160507,0.0371789004929424
145,0.0064358818334999,0.0103579768546451
146,0.0035821427881505,0.0112031697280299
147,0.0061096675489584,0.0098995520601575
148,0.0176739319723996,0.0883514321975935
149,0.0243062955388954,0.0613192941890856
150,0.0098093277255661,0.0103579768546451
151,0.0179301622112466,0.0620654220910337
152,0.0056306141922736,0.0250704952413043
153,0.0103355650634743,0.0344294273162786
154,0.0032670374638887,0.0098995520601575
155,0.004647852717358,0.0210720880494746
156,0.0069567684003463,0.0163524026355999
157,0.0058997247105485,0.0246923113372004
158,0.0061769581688399,0.0539545092287126
159,0.0085790978436539,0.0475175383980213
160,0.0094873242441512,0.1193436631655613
161,0.0070620378782454,0.0108377468494991
162,0.0051916150904848,0.01493126458801
163,0.0074125613738719,0.089471033912484
164,0.0068868433472066,0.1395339472218593
165,0.0585600016503808,0.0612150492596966
166,0.0030819395323537,0.0276506362205664
167,0.0047371829568196,0.0151734726750119
168,0.0363036915695606,0.0475899786760392
169,0.0202954960033598,0.1275126758627421
170,0.0043274291091852,0.0128225195293607
171,0.004224224103314,0.0134100765207377
172,0.0073155433009792,0.0149226950960992
173,0.0036716119793031,0.0189053678549653
174,0.007276000607067,0.0676799475949492
175,0.0054554569505175,0.0966065266183404
176,0.0319770004936576,0.2170054320421668
177,0.0204796006973315,0.0459361406464422
178,0.0051949516347808,0.0392883038511327
179,0.0047583127842931,0.0407804109781109
180,0.0043197985359488,0.0211489434404184
181,0.0040635413605973,0.0159505918490295
182,0.003331749350696,0.0551946342965648
183,0.0162176924715599,0.0358631274938643
184,0.0359298848817847,0.6700610809156542
185,0.0119178649476229,0.0181321162744252
186,0.0120727612813202,0.0260884138914816
187,0.0337835949796276,0.3108318750286499
188,0.0098865528736273,0.0272510430585653
189,0.0037910095997408,0.0344609750681384
190,0.0071801794974139,0.0644042951607089
191,0.0114151951594753,0.0184098821700145
192,0.0065875503895999,0.0387733228052793
193,0.0033189349996295,0.0228944867193759
194,0.0228500965596826,0.0956406607037179
195,0.0306010443566042,0.4032785346839019
196,0.008546984743521,0.0272992626486639
197,0.0037526704108363,0.0107235209651817
198,0.0045923170400105,0.0430263180241281
199,0.0185478667980764,0.0216703101249704
200,0.0059783449677756,0.0234408933683126
201,0.012317313678,0.0424786472212117
202,0.018579210128269,0.0814931992030479
203,0.0050166820000644,0.0147803030194309
204,0.0054917986089326,0.0160069412885759
205,0.0069161357741226,0.0104317991862599
206,0.0073394539969517,0.0145241223726016
207,0.0196032242167125,0.0143491371781392
208,0.003186899906655,0.0142181142072486
209,0.0048615177901642,0.0679431024254127
210,0.0157027803497162,0.0483459792375624
211,0.0040624842148876,0.0133426131286951
212,0.0244960916526683,0.1504699396245241
213,0.0372584702483213,0.1116259711633729
214,0.0091340751668444,0.0098995520601575
215,0.0062124304931107,0.1890081125383558
216,0.0037910095997408,0.0581681753682615
217,0.0282169062731331,0.2499431717559828
218,0.0252230267462214,0.1115963663104749
219,0.0146717138988383,0.0915571293916555
220,0.0050237388895088,0.0144187990880864
221,0.0057037205869396,0.0222337532685897
222,0.0106247483335441,0.0576882958702454
223,0.0202361258113119,0.0324442952986983
224,0.0173284365254635,0.1890930059361535
225,0.0067903523112595,0.0474332293851303
226,0.0043740716645747,0.0225793460630639
227,0.0470813655567103,0.2842179505795839
228,0.0036716119793031,0.0174280793361658
229,0.0047583127842931,0.0228818551185368
230,0.0103159026283951,0.0469343035874017
231,0.0057223819057303,0.0331402532537295
232,0.0241300211516095,0.1902146070496355
233,0.0131304541702552,0.0381387465676353
234,0.0097370563418512,0.0430621118502286
235,0.0042341492762038,0.053616401571996
236,0.0315218059396788,0.134246402078058
237,0.0064133435873149,0.0644649534332684
238,0.019464205589134,0.2705419476841753
239,0.0080020095721697,0.0697097082374212
240,0.011561200043548,0.0264409977607256
241,0.0085591659907781,0.0422878403841578
242,0.0351852193481822,0.1662009641512823
243,0.0138217125741452,0.0550340736444168
244,0.0070809216012325,0.0476484071549903
245,0.0167341890011589,0.0198984067427927
246,0.0090373538795806,0.0158790318309156
247,0.0078149452846678,0.024527630397567
248,0.0083812890545009,0.0412324940006483
249,0.0149983831385502,0.1094222058599525
250,0.0072971043081683,0.0601408000292549
251,0.0107371539817681,0.0432065908898194
252,0.0030340661541463,0.012971650990873
253,0.033811855497493,0.0236882411190136
254,0.0057994344160083,0.0367411749247521
255,0.004868081512473,0.0529574361352543
256,0.0117785733020132,0.0206951830695443
257,0.0097541470994887,0.0160069412885759
258,0.0174493127805594,0.0401417415049918
259,0.0043882716662896,0.0506275126171358
260,0.0173381464327808,0.0191356078502549
261,0.0203810588672472,0.0766366468377937
262,0.0145894016783817,0.0630874512061537
263,0.0258743314915823,0.1383147523228372
264,0.0083248274303746,0.0330963249361202
265,0.0059013872413974,0.0247643684923941
266,0.0053537340499364,0.0841869092618408
267,0.0218791028084301,0.1642656776674967
268,0.0318869143922488,0.0497443202110999
269,0.016307578042802,0.0140509462434393
270,0.0039407247385729,0.0153356923473593
271,0.0043790519220469,0.0339525081325673
272,0.0057808683595116,0.0246513509845654
273,0.0092166314415639,0.0114336535552111
274,0.0047541125385809,0.0331715973369837
275,0.0164761829111516,0.0147176950485273
276,0.0043377190885853,0.1108276687372536
277,0.0383328121821937,0.0965211624497142
278,0.0052738023904798,0.01493126458801
279,0.004995856182109,0.0126491367918033
280,0.025924666740298,0.0200955414692698
281,0.0152291170742732,0.0318401342155239
282,0.0187229206311944,0.0453107871507354
283,0.0044681619328234,0.1067363414257825
284,0.0037216591298833,0.0155112620049449
285,0.0239179227539129,0.0520682118002851
286,0.008909487561073,0.0141072956829857
287,0.0158235524094611,0.0577501717852256
288,0.0036018424142871,0.0173133474963078
289,0.0092403905027144,0.0335195461301891
290,0.0060352018437474,0.0107235209651817
291,0.0108541564831516,0.0441375257286536
292,0.0036542382148813,0.0189917673632562
293,0.0190432517303411,0.0176873252566265
294,0.0047389332639117,0.0163524026355999
295,0.0108790745324999,0.031618821805675
296,0.0036217615997206,0.0167143616489893
297,0.0049721180550254,0.0721443953442913
298,0.0130913128843307,0.043962317074981
299,0.0222086685495701,0.0961122055686401
300,0.0082711297099426,0.061898520092579
301,0.0042531445796389,0.0729412994186687
302,0.005416702430853,0.0322284265129538
303,0.0044427964411856,0.0332265486430669
304,0.0172585835440945,0.0880126675182664
305,0.0041336604335133,0.0135856461783232
306,0.0238904068209426,0.01722101556508
307,0.0154249035032766,0.0525353026932107
308,0.0030819395323537,0.0140702748393933
309,0.0295326717388665,0.0548863840012172
310,0.0087049851417081,0.0218517006214069
311,0.0178339578612171,0.0253126087081155
312,0.0057129895284792,0.0190702653016315
313,0.0130085897173334,0.4246678512640001
314,0.004224224103314,0.0098995520601575
315,0.0077687552219917,0.0754246770810978
316,0.0206323761732851,0.1207783766402981
317,0.0549480953592824,0.1303733230742337
318,0.0220817784822206,0.3234550498599829
319,0.0088000345303275,0.1173886785181066
320,0.0060539070681674,0.1103207608102066
321,0.0049384275297829,0.103231170069118
322,0.0401094714040259,0.0603740497862573
323,0.0089863609602393,0.108649687863287
324,0.0237176068259718,0.3158811990705699
325,0.0096789245425729,0.0098995520601575
326,0.0111829210438149,0.0234658836633725
327,0.0134848343988555,0.0289650116246021
328,0.005723021134077,0.028717744389648
329,0.0044339855557386,0.0973816814147694
330,0.0633967596942743,0.3191847294919326
331,0.0141343427705355,0.2111957762171341
332,0.006015259135825,0.0145853396606226
333,0.0037910095997408,0.0265722318799062
334,0.0030819395323537,0.0377408518906277
335,0.0176121651704083,0.0143491371781392
336,0.0034273320342667,0.0225024261234621
337,0.0039744142849717,0.0182224172385004
338,0.0094850391860067,0.0138541651321402
339,0.0040988757390782,0.0208676453257039
340,0.0231655074784843,0.0440308063697712
341,0.0186240580989537,0.0143491371781392
342,0.0092558810819586,0.0154635117141124
343,0.0040195629698477,0.0098995520601575
344,0.0060127554278783,0.0132203357133376
345,0.0045929812796889,0.0192019730529109
346,0.0093537685860842,0.019759215509036
347,0.0203047719323198,0.0212945432066744
348,0.0082671241834081,0.0879325933564514
349,0.0054260585347269,0.0354043298356528
350,0.0176114716456827,0.1165123745521823
351,0.0299384917818092,0.591253651501499
352,0.0048753708614872,0.0128225195293607
353,0.0260582595801001,0.0889144628153344
354,0.0240592043780229,0.2705340502042573
355,0.0034771824138492,0.0175898627275428
356,0.0073532169216609,0.0353062246939926
357,0.0065086303474576,0.0328360763304927
358,0.0048110676361152,0.0118251678867791
359,0.0228179773429705,0.1716661763856946
360,0.0182148747916703,0.0147481353559824
361,0.0185658095678495,0.0141072956829857
362,0.0046746336446862,0.0330662823034045
363,0.0069201669638691,0.0263401108603984
364,0.0163971068347341,0.083092199714808
365,0.0069770580447998,0.0131813839179058
366,0.0074348344998502,0.0135856461783232
367,0.0034273320342667,0.043133297025558
368,0.009308080999222,0.0222337532685897
369,0.0054730154878829,0.0536492449827319
370,0.0032708740908906,0.0146879918828899
371,0.0091013042730769,0.0597252157785233
372,0.0090533490573993,0.0440995310999979
373,0.0636246396881465,0.4749346180391667
374,0.024324087422588,0.1921725732462773
375,0.0136070430989325,0.0681894609223645
376,0.0126703692503046,0.3040185203580377
377,0.034370214623937,0.2651745224933775
378,0.006522490122666,0.0346043554963371
379,0.0054730154878829,0.0518838089773608
380,0.017252155558413,0.0490530394380739
381,0.0045497768768886,0.0310464516295878
382,0.0163835432348837,0.0171043819354208
383,0.0060871860222737,0.0211580765680237
384,0.0266484360765166,0.0594540598939757
385,0.0043274291091852,0.0258306917166164
386,0.0152686186874466,0.0396600410094079
387,0.0077739107729716,0.0146879918828899
388,0.0070620248506433,0.0209894483122452
389,0.0034771824138492,0.0179587334059006
390,0.0176705553675906,0.0266601479742503
391,0.0030320891527712,0.0117327363767954
392,0.0036716119793031,0.0174663584256605
393,0.0036553887111271,0.0128225195293607
394,0.0219112436490608,0.1144712489257626
395,0.0049108985394245,0.0476506369777025
396,0.0086105986776378,0.0268225292128745
397,0.0270305551204505,0.3340041758382695
398,0.0043032304774219,0.008339481610089
399,0.072927982655688,0.1038561340136921
400,0.0197109188413155,0.0565298071814295
401,0.0125534556199686,0.0149705093425991
402,0.0199260033870591,0.0811788423342632
403,0.0036256442835342,0.0446887165671041
404,0.0198533372494471,0.0661480338821247
405,0.0043622138036202,0.0147481353559824
406,0.04744129450653,0.0241987726694033
407,0.0037910095997408,0.0217655044179237
408,0.0580128610860588,0.0984007338119381
409,0.015054621155446,0.0210328105530761
410,0.0047541125385809,0.0155112620049449
411,0.0152935305306304,0.0144270797681356
412,0.0293333673436568,0.0908984940287309
413,0.0088782821832641,0.0981067763131404
414,0.0155147607235225,0.0447375892035024
415,0.0077732570816128,0.0353979539430993
416,0.0270772524460657,0.0331260599267962
417,0.0080464425326913,0.121771764090151
418,0.0061593370727909,0.0980442355429813
419,0.0150526910428429,0.024739660097036
420,0.004525559168474,0.0408905960138481
421,0.0077168406377727,0.076350110029959
422,0.010504319524603,0.0198289122271644
423,0.0217217923129059,0.0340090327735352
424,0.0047602708508979,0.0307074396768412
425,0.019568179058911,0.0759512852745656
426,0.0066526622285213,0.0103579768546451
427,0.0220270785333018,0.0467101809844434
428,0.0044500634275441,0.0098995520601575
429,0.0271390855042913,0.0143491371781392
430,0.0732876463254574,0.1790145941048804
431,0.009621200696461,0.0203191969266454
432,0.0049415811299017,0.0373396392605327
433,0.0049030590743545,0.0195370601358418
434,0.004232758714284,0.1121259935388634
435,0.0137517431782502,0.0698839310352168
436,0.0077045057359332,0.0288211354126515
437,0.0276376718428996,0.1249311881237345
438,0.0068621581109941,0.1140197285457516
439,0.0102197681628017,0.0432078302764394
440,0.0112613302482491,0.0158790318309156
441,0.006405250594003,0.0524774054482959
442,0.0074063661704035,0.0222406755273523
443,0.0093193307104006,0.0584243209085953
444,0.0032210237113081,0.0286380920514757
445,0.0060808478692028,0.0242762345368801
446,0.0037725256478783,0.021934876320226
447,0.0061969862180608,0.0276506362205664
448,0.0042879856873018,0.0394009889495619
449,0.0286580568282947,0.3411963792549768
450,0.0061969862180608,0.0706079115697475
451,0.0101367773303768,0.0159218955449587
452,0.0109451116529048,0.250260626104061
453,0.0030819395323537,0.0233790075216502
454,0.0315902432595753,0.0183922162213248
455,0.0247083207749942,0.213717575941625
456,0.0137049944013828,0.0458973959829718
457,0.004108237694641,0.0447239652639082
458,0.0057677483527417,0.0135856461783232
459,0.0126000526897091,0.016984395893739
460,0.0129816915388578,0.0143491371781392
461,0.0065244294700509,0.0342309190672649
462,0.0242713165959462,0.0932765171018372
463,0.0229974590367196,0.0480215254937475
464,0.0168051273678206,0.0567466507126637
465,0.0032595683380127,0.0367253248331663
466,0.0282227380666204,0.1180121634751385
467,0.0069857461020778,0.0144270797681356
468,0.0163624613625647,0.3573308085441722
469,0.0037910095997408,0.0524093721686922
470,0.0107685452784839,0.0167973966235122
471,0.0079707144577018,0.0591716443376908
472,0.0084789446408881,0.0172672742991535
473,0.0088497759244778,0.0451179660448515
474,0.0051472373551637,0.0159479667562818
475,0.004525559168474,0.0294501176758031
476,0.0196295019986114,0.0192081494096028
477,0.0034273320342667,0.0310464516295878
478,0.004253686492962,0.0201626249544615
479,0.0093893974191591,0.046158248900535
480,0.0076876167067216,0.1229938835457842
481,0.0081237736014149,0.0164318870410325
482,0.0032882478553123,0.0156295223932075
483,0.0101873388581911,0.0624378101964948
484,0.0080327511824866,0.0249314060564911
485,0.0029411743445739,0.0221090941703705
486,0.0047206343105476,0.1285467252381904
487,0.0396294650237682,0.0562980361645868
488,0.0172122302273469,0.0274877689588875
489,0.0305499151474354,0.0642598968333159
490,0.0175646147646834,0.1064844530700766
491,0.006729451647448,0.0333880181059767
492,0.0114909187638436,0.0481453826504703
493,0.0032383974757299,0.0273500678812679
494,0.003415453276762,0.0195912654961985
495,0.0032708740908906,0.0155112620049449
496,0.0068593876239224,0.0107235209651817
497,0.005499705381158,0.1059641730461562
498,0.0150414461376617,0.0443537880854974
499,0.0051583134590377,0.0331402532537295
500,0.1103980673007531,0.0513232885204315
501,0.0069137064919463,0.0351880151501218
502,0.0047918784356856,0.0809488653248236
503,0.0115577965506649,0.2106016004590101
504,0.0209440971111011,0.0098995520601575
505,0.0060386370523023,0.0508436025046803
506,0.0175242982074227,0.0718976969327896
507,0.0160292709505715,0.040557006715896
508,0.0131477652277457,0.1513961064119185
509,0.0032383974757299,0.0741931819065185
510,0.0346492696627824,0.0141290757527868
511,0.0038283766770523,0.0118251678867791
512,0.0074739344601543,0.0218517006214069
513,0.0057674244307467,0.029497652969364
514,0.0223090561802796,0.0166292108259922
515,0.004359221289565,0.0143044053328749
516,0.0070000896402466,0.0293074050058903
517,0.0192119006668922,0.0168961251692208
518,0.0203099216152399,0.0838419896244131
519,0.0035739674203118,0.0340760162434135
520,0.127622456351833,0.0577049425700506
521,0.0103112789064884,0.0666565557402618
522,0.0032383974757299,0.0269499719651476
523,0.0099658392638734,0.0322899634556206
524,0.0374289732873653,0.0236451890304279
525,0.0075439328674524,0.0237930915099396
526,0.0032210237113081,0.0192019730529109
527,0.0090456295212565,0.0570090695036169
528,0.0052662574589025,0.0213688229340887
529,0.0321294042584445,0.0363395575185832
530,0.0240782547333996,0.0535750689231618
531,0.004178789094954,0.0112557680912841
532,0.0255243132952959,0.1215041942704529
533,0.0034273320342667,0.0273500678812679
534,0.0043374116066165,0.0412700882369945
535,0.0121854319028675,0.1194017262313691
536,0.0051200349143304,0.0107235209651817
537,0.0040690405875697,0.0372343555281231
538,0.0093400196482666,0.0305292304182485
539,0.0208458726230451,0.0885990116511648
540,0.0099407674608077,0.060213875076367
541,0.0139296882409102,0.0566241730775045
542,0.0251775727194176,0.1333779397609005
543,0.026395658574916,0.2539382344884116
544,0.0180685226722975,0.1532907697764285
545,0.0037910095997408,0.0103579768546451
546,0.005016328544048,0.0429980555999618
547,0.0029293104454841,0.0160063198781399
548,0.0119270966414892,0.0838721262333974
549,0.0045923170400105,0.0172672742991535
550,0.0097101135424286,0.0492296865922226
551,0.0044526110568089,0.0107235209651817
552,0.0266347143917077,0.0980019089110255
553,0.0170477215607893,0.0588627133983364
554,0.0172310146364684,0.0158828179191159
555,0.0093542459036829,0.0234252846930003
556,0.0065540409668078,0.0220223308059912
557,0.0090004252016801,0.0696375128463087
558,0.0040988757390782,0.0537657671883762
559,0.0079389741551271,0.0317596754829692
560,0.0218228338334715,0.023103182589618
561,0.0238172099044963,0.0212665881917173
562,0.0052004089083543,0.0107235209651817
563,0.0379732179164197,0.0264787295672404
564,0.0035234811295372,0.0267010971591999
565,0.034633350554191,0.0812231009221405
566,0.0274915205556458,0.0319683466004035
567,0.0076182246768216,0.0469428498981115
568,0.0057427549472099,0.0773501045259008
569,0.0044891547942602,0.0135856461783232
570,0.0600777648020771,0.1156387278969459
571,0.0040246268035166,0.0275796355198663
572,0.0270581538899709,0.0733714200868389
573,0.0030819395323537,0.0157797809587619
574,0.0056084655033605,0.0127139269824665
575,0.0116478685260294,0.1365090410180683
576,0.0030320891527712,0.0296789697967297
577,0.0193622727521646,0.0282772505087605
578,0.0048404920564057,0.068800385055435
579,0.0059196931959381,0.0258109403002136
580,0.0371931785302199,0.0380865075784795
581,0.0035513594340731,0.0406855116233755
582,0.0070997928805131,0.0262573519357074
583,0.0074869604749669,0.1000979358868035
584,0.0099863298127506,0.0282233091929056
585,0.0085092665457754,0.0313986735053886
586,0.0134182957619263,0.1002229425938976
587,0.0040691673056476,0.0117991976657476
588,0.0164151687924236,0.0222154317197392
589,0.0119856435623437,0.1049094546469105
590,0.0057380864808924,0.0494586013882481
591,0.0317040880692506,0.0279380996143272
592,0.0078223194206434,0.0129927641027434
593,0.0078715537921884,0.0285863992102504
594,0.0101521696805552,0.1317218416806254
595,0.0190844570926633,0.1142322638187734
596,0.0048452371847138,0.187332971450739
597,0.0360230797524995,0.0456964066178598
598,0.0056109177893863,0.0160546915794084
599,0.0041799954196226,0.0141072956829857
600,0.0246949513158828,0.0137137978526125
601,0.0082126277329057,0.0534631117697399
602,0.0077392832089803,0.0752575022997162
603,0.0064180381713644,0.0238528976550851
604,0.0069129949587709,0.0411900911348466
605,0.0103083476789611,0.0915420148448147
606,0.0155958665238135,0.0467382840796899
607,0.0097226215531695,0.0214467812256016
608,0.0319726966446755,0.0431671747282207
609,0.0080736248409498,0.0379980506767579
610,0.0032882478553123,0.0169064821747424
611,0.0132612024682889,0.0649293701789402
612,0.0259400747738031,0.1934933381680066
613,0.0046595361163103,0.0166136077095116
614,0.0035821427881505,0.0167973966235122
615,0.0281769881932409,0.0517620751560726
616,0.00493011865176,0.0200109369251704
617,0.0074353058698083,0.0742391361781456
618,0.0032383974757299,0.0141072956829857
619,0.0040605059765998,0.0264268077661809
620,0.0062902458839066,0.0234252846930003
621,0.0101105971361225,0.0286903618906917
622,0.0050561133538626,0.0411929444743846
623,0.0184166255786981,0.0273500678812679
624,0.0083831827495718,0.0470640018246895
625,0.0068621581109941,0.0747174844617957
626,0.0084750257801037,0.113295873299573
627,0.0038408599793233,0.0179447159534147
628,0.0071102179817221,0.0280149899917132
629,0.0053744961659735,0.043527485482552
630,0.0098415061612972,0.0267177207787581
631,0.0163481204898975,0.0299385413599493
632,0.0530330540311074,0.1412492057133177
633,0.0049812416108811,0.0282367484832475
634,0.0040554727165049,0.0144270797681356
635,0.0045420044033794,0.0127139269824665
636,0.1010359897847369,0.1596321248506838
637,0.022548678021099,0.4025563261747421
638,0.0037269922321915,0.0477495526937828
639,0.0046746336446862,0.0174280793361658
640,0.0034751630081932,0.0126491367918033
641,0.0041133881667751,0.0167973966235122
642,0.0253380918403995,0.0479151160324518
643,0.0090238181293675,0.0586984866530811
644,0.0091327677427447,0.0208927863495019
645,0.0048792651168018,0.0140837467987849
646,0.0092979933144083,0.0176979754359463
647,0.014318910616726,0.045537004298164
648,0.0068593876239224,0.0290332166404523
649,0.0082267072602239,0.0557246606112285
650,0.0213456929333692,0.0345527835087678
651,0.0038106961582575,0.0262478997246189
652,0.0260022541989887,0.1065862043728129
653,0.0034708335296504,0.0973716149309593
654,0.010806859462878,0.0497054746410113
655,0.0227132554611448,0.1243377006102646
656,0.0070355833221815,0.0254453864835495
657,0.0110102370810413,0.0378802379199596
658,0.0208964762261307,0.0829492546107913
659,0.005901321313036,0.0163800147637785
660,0.0069111204601772,0.0121581309721632
661,0.0041185622975949,0.0175742596110622
662,0.0269247451957885,0.0807738221773588
663,0.0089558885119235,0.020706054528925
664,0.0259539445689147,0.1301231129836351
665,0.004502255091143,0.0645026022392967
666,0.0148131701488868,0.036663122773386
667,0.0037910095997408,0.0187054663037243
668,0.0077032757737247,0.0179115695718037
669,0.0139824202807862,0.0606151650717193
670,0.0148137556304168,0.0841644902465459
671,0.0122758872702665,0.018986127331952
672,0.0198197311803373,0.0381541069872737
673,0.0143012585833052,0.0291121681874911
674,0.0101166156784306,0.0491282563888644
675,0.0288879217661592,0.0954244118037577
676,0.0253805203903316,0.0465690251075257
677,0.0032383974757299,0.0128225195293607
678,0.0270615705593859,0.2073679073290959
679,0.0216567524584438,0.0473029438216299
680,0.0075285916927218,0.1230553928761919
681,0.0053334707007938,0.0772748864073192
682,0.0162726879461165,0.0362058960962868
683,0.0037910095997408,0.0189487719543804
684,0.0286924573194259,0.0643716554585962
685,0.0290421562923943,0.0179058888387926
686,0.0141517546582467,0.0427491644440279
687,0.0116733467950102,0.0433016147507414
688,0.0232128022245665,0.1175842231495307
689,0.0199106080171309,0.0362178484864826
690,0.0215091357501255,0.3112527200427549
691,0.0669618857138407,0.1055831163575176
692,0.0030819395323537,0.0126491367918033
693,0.0186122199656215,0.0242989974139318
694,0.0361779898739091,0.0519165742952436
695,0.016130641173891,0.0676372469387543
696,0.0265898837930539,0.0305609708374659
697,0.004525559168474,0.0676580330254337
698,0.0206546804364965,0.1991506690664364
699,0.0285390816642807,0.0366552986596771
700,0.0072350738045547,0.0098995520601575
701,0.0060089434045271,0.0705571451325495
702,0.0092699305679848,0.0515060524593691
703,0.0037269922321915,0.022325108358852
704,0.0050278091293198,0.0185007240142267
705,0.0067395328286924,0.0508582474575787
706,0.0048615177901642,0.0879033916061571
707,0.014824904697139,0.0428313282244899
708,0.0052211849505742,0.0201034416894954
709,0.0098731347608695,0.0462175927276958
710,0.0052187696345986,0.0373467520038657
711,0.0263319530458152,0.1002289090464883
712,0.0059236491714959,0.0893535405083794
713,0.0270228909277425,0.0350742077870718
714,0.0514187495388573,0.1417196655674315
715,0.0077045057359332,0.0338581453906199
716,0.0197531877376381,0.2366692069744358
717,0.0050278091293198,0.0128225195293607
718,0.0040605059765998,0.0154071622745659
719,0.0309455643111282,0.0347659734469898
720,0.0034760334591969,0.0314987633682149
721,0.0165191895538787,0.0873816196907837
722,0.0070738964667957,0.1072680693249976
723,0.0032882478553123,0.0118251678867791
724,0.0123459181040065,0.0168961251692208
725,0.0290185990308377,0.0221906274454495
726,0.0032383974757299,0.0236876982452641
727,0.0030320891527712,0.1187108638841137
728,0.0096534374533125,0.0285948331947265
729,0.0855055816820599,0.1098463765446622
730,0.025710593944655,0.2216538801266479
731,0.0463603788013419,0.037822173799138
732,0.0044120641832027,0.0377284863861105
733,0.0296574737177938,0.2274184002016382
734,0.0032383974757299,0.0191019068369469
735,0.0032882478553123,0.0427491644440279
736,0.0080741489472761,0.0340760162434135
737,0.0102339856495523,0.1723761386164524
738,0.0109821032457834,0.0174638439565724
739,0.0096178166779058,0.0157617094300049
740,0.0067392933087153,0.0435509242596863
741,0.009650861333444,0.0196149434122317
742,0.0047778846009582,0.0295453326615798
743,0.0075698815116315,0.0857670813929117
744,0.0050033641991153,0.0131813839179058
745,0.0250399474536384,0.0904202040327773
746,0.0128865097141674,0.0573882487951023
747,0.0374017992659678,0.2426512543287727
748,0.0123628048567529,0.0239730610555098
749,0.00386054653784,0.0146395428090882
750,0.003929627739058,0.0136430462079415
751,0.0144773362264236,0.0191928901257752
752,0.0175471316717225,0.0700863609890048
753,0.0047152231635895,0.0148749151484635
754,0.0191930472055223,0.0465972890014354
755,0.0335403821265349,0.4256697096038052
756,0.0193531812539508,0.2292854202095595
757,0.0043032304774219,0.0147035949993706
758,0.0154985099288073,0.1477513705394058
759,0.0094175526900703,0.0318401342155239
760,0.0072830258103981,0.0390645614096838
761,0.0100255890312614,0.0245959566163192
762,0.0036217615997206,0.0098995520601575
763,0.0100297884773003,0.0273705811486406
764,0.1547300968251652,0.1398227457029106
765,0.015832704549371,0.0172365266843526
766,0.0113095621272127,0.035958121552464
767,0.0087444448656019,0.0208590586443433
768,0.0108193400516715,0.0686204429584149
769,0.0089589179250883,0.0128225195293607
770,0.013990110702412,0.042210601844924
771,0.006405211362949,0.0422607180588939
772,0.0140231492370507,0.0742359189243116
773,0.0053343688922954,0.0733453028587219
774,0.0037910095997408,0.0138280939208171
775,0.006023332840346,0.0254244520546463
776,0.0183812087699838,0.0276506362205664
777,0.0033104929024607,0.0250795629471367
778,0.0040305486208357,0.0135856461783232
779,0.0202965474047009,0.2095005071386522
780,0.0197891834240412,0.0171109455622327
781,0.0089761006456005,0.0374535845402688
782,0.004482239863069,0.0210652875902424
783,0.0357257872891982,0.0554218920150715
784,0.0185560900499017,0.036341549326532
785,0.0032595683380127,0.0834980974831678
786,0.0050157866307249,0.0238718024119562
787,0.010247633558652,0.0423293486164011
788,0.0286013417564167,0.0457901910921619
789,0.022201479233377,0.3037856760883342
790,0.0083044693480364,0.0700752760348377
791,0.0170910018447789,0.0840648758093421
792,0.0071836360393039,0.0169484077559145
793,0.0034273320342667,0.0284258280661715
794,0.0170957472029617,0.1083011739901094
795,0.0095140870934533,0.0409740879257852
796,0.016307578042802,0.0107235209651817
797,0.0100175296239972,0.0671176568938945
798,0.0078324099003343,0.0141072956829857
799,0.0295972430273427,0.1151677305719358
800,0.052064726598633,0.1566539537470062
801,0.0039458203536246,0.0179885412143603
802,0.0037910095997408,0.013658352203417
803,0.0053245481394019,0.0429975927326422
804,0.0045046663389489,0.0210028371438211
805,0.0115917930660775,0.0434667848530052
806,0.0548611211337861,0.0821274348663037
807,0.0047541125385809,0.0370386231151469
808,0.0209192169485736,0.0158362109868149
809,0.0078128824604168,0.0290896608784505
810,0.060472979933525,0.0567618744607143
811,0.0128362715105826,0.0706023115380203
812,0.0201770555897159,0.0329641469215103
813,0.0141981623300357,0.037845422259049
814,0.005396139866139,0.0350871267654993
815,0.0034771824138492,0.0415244753602719
816,0.0039898545364171,0.0128225195293607
817,0.0148134196025925,0.0498442937386398
818,0.0198739570179672,0.1089932845460835
819,0.021887421985571,0.0381842798014231
820,0.004096344986397,0.0170990885016335
821,0.0047140649984844,0.0216085318460655
822,0.0107039873391163,0.0117327363767954
823,0.0109777264469134,0.0356937541945781
824,0.0040817547771216,0.0297573455535867
825,0.0069129501170441,0.0480621734531423
826,0.0045061588706862,0.0167973966235122
827,0.0047673885673479,0.0146879918828899
828,0.008430842200983,0.0317967046211533
829,0.0056948006157885,0.0231259739593197
830,0.0046547363901258,0.0316284358486127
831,0.0126847189559843,0.0690619983651386
832,0.030020096003614,0.0421792723936205
833,0.0145311158450344,0.0448982592496732
834,0.0043889600300876,0.020744720655709
835,0.0090544918083882,0.0337465253323144
836,0.0321682364619168,0.1246085226156692
837,0.0256229478747404,0.0451952216753097
838,0.0050388745248032,0.0175758867043596
839,0.0054784333223555,0.0189311958310254
840,0.0245659645772097,0.0852020627825523
841,0.0042951834574755,0.0384026090832021
842,0.0264675498003048,0.0241175297050331
843,0.0102561974301129,0.0275844338538418
844,0.0865779871510771,0.1044517953049917
845,0.0272378714616256,0.0403639000796074
846,0.0195058469679911,0.1226989175119497
847,0.0034273320342667,0.0135856461783232
848,0.0050696230418229,0.0158238120565484
849,0.0151002813681093,0.1072680693249976
850,0.0203589134652479,0.0155850477384929
851,0.0170312501494895,0.0243876826497553
852,0.0040726436636082,0.0167973966235122
853,0.0150557560590873,0.1067853966086813
854,0.0076587750544835,0.052128014962288
855,0.0342507616916695,0.137107747017505
856,0.0192200203666065,0.0817756126015565
857,0.0027408494135447,0.0634238749989135
858,0.0164071636935891,0.0301970217623575
859,0.0250565899952339,0.0275218924133851
860,0.0046646054278657,0.0336677351369117
861,0.0116576614627096,0.0339935889859744
862,0.0046559119463613,0.0158790318309156
863,0.0080734127551981,0.0438872572193913
864,0.019559889801872,0.0820733031213576
865,0.004525559168474,0.0161844919274854
866,0.0054277366070213,0.01493126458801
867,0.0256189521297078,0.105733887328749
868,0.0060072789348628,0.0303367316009071
869,0.0278126706581819,0.0552275321460156
870,0.0196597871719636,0.1322794417355153
871,0.0094722652747127,0.0107235209651817
872,0.0099608453967225,0.0535667570911
873,0.0197337731430484,0.0591703136669066
874,0.0050248885808518,0.0128225195293607
875,0.0098411455366435,0.0482378126543308
876,0.0205883276275248,0.416021694312728
877,0.0102245804591125,0.1578861777160609
878,0.0175515235340985,0.0235761171715394
879,0.0077058381431702,0.0305609708374659
880,0.0062463296916807,0.0166136077095116
881,0.0149916777920002,0.0623331024470799
882,0.0065512358077516,0.0375759090747278
883,0.0162706889567975,0.018986127331952
884,0.0116012099426147,0.3025657733887029
885,0.0059312265402017,0.013658352203417
886,0.00483797900954,0.0162960531960534
887,0.0185560900499017,0.0146395428090882
888,0.0252649792820879,0.0210014877883777
889,0.0174719807002252,0.0238405726194442
890,0.000475915498259814,0.0517121794036184
891,0.0042341492762038,0.026801206353336
892,0.0103177429775091,0.0526174664736727
893,0.0201103916216884,0.0832951866540652
894,0.0053407277409182,0.0135856461783232
895,0.0061381914201096,0.0098995520601575
896,0.0039731292344417,0.0128225195293607
897,0.0410329594416684,0.0402499461851375
898,0.0121094411578501,0.0107235209651817
899,0.0229464006835546,0.0551055180002704
900,0.0060403718516003,0.0135628632341804
901,0.0197901197890819,0.1023345927641612
902,0.0044816979497458,0.0131813839179058
903,0.0063013500475112,0.0306418859908417
904,0.0109451116529048,0.0760147492982623
905,0.0234468411937773,0.0775085828426354
906,0.0169592486262676,0.22677605360506
907,0.0030819395323537,0.0147035949993706
908,0.0058775785554875,0.0151985670453696
909,0.0050867364736181,0.0372586456141262
910,0.0069562045966226,0.0525353026932107
911,0.0185536620221459,0.1661137411719364
912,0.0058238890842862,0.0243144627528791
913,0.0079911649726686,0.1267525099027962
914,0.0068462180305918,0.0273235217390875
915,0.0183576688424868,0.1221410892721151
916,0.0210787772704638,0.2142061017693022
917,0.0161705924683023,0.0423293486164011
918,0.0085517632871192,0.0661555000228118
919,0.0125801874664152,0.2976653023214722
920,0.0277088148892976,0.0549707022363845
921,0.015237431365836,0.083135853583296
922,0.0257759613261218,0.0733680883057941
923,0.0065398350297304,0.0427640167835461
924,0.0328271254585847,0.2282381893873362
925,0.0051500734079358,0.0147481353559824
926,0.0117814018221228,0.0209119471182175
927,0.0180818848627272,0.0447343756021992
928,0.0423125522731201,0.0515487136180281
929,0.0156660589417929,0.0922636040994957
930,0.0110889808967617,0.1046468166750101
931,0.0254247909394284,0.3002834940488511
932,0.0228612181999101,0.0315323283502193
933,0.0248706083477149,0.3089356719437247
934,0.0189479887848624,0.0164260176169746
935,0.0086044369553978,0.0364299770225598
936,0.0058088478207768,0.0767642247337035
937,0.0055496534077296,0.1768927280717589
938,0.0038619894184425,0.0243211764972484
939,0.0269502363600399,0.2793333398121077
940,0.006164665657639,0.0362290417323647
941,0.0067781454480841,0.0392739020825656
942,0.0236736935293497,0.0371316779127637
943,0.0066160262976386,0.0656135502867228
944,0.004525559168474,0.0267242143380981
945,0.0295474065232387,0.1871813257529693
946,0.0041743737237315,0.0546784135439493
947,0.0062103731324218,0.0237376750373341
948,0.0047291076270316,0.0186013814454027
949,0.0421669844724196,0.1124155030301308
950,0.0208502391898723,0.0267061220001023
951,0.0272187732945671,0.0968271055389023
952,0.0081747908079027,0.024624853402126
953,0.0037233194160994,0.0239832505248314
954,0.0054505965053299,0.0243147032451061
955,0.0096570681879943,0.0126491367918033
956,0.004542785609306,0.0215236863513537
957,0.0339341808759631,0.0879387914828085
958,0.0045662724586922,0.0575683964706668
959,0.0041336604335133,0.0216814462836892
960,0.0090517671587126,0.200129401760857
961,0.0091395208102544,0.0753770699301794
962,0.006859604724173,0.0531847418678053
963,0.0047583127842931,0.0416659725087056
964,0.0191530628907689,0.0160069412885759
965,0.0077528892569948,0.0199955873903645
966,0.0065308900956783,0.0246838523961896
967,0.0345853361506446,0.0299611311992676
968,0.0070623462115013,0.1397122386523888
969,0.0036863566203241,0.0258508663754737
970,0.0046832538891298,0.0281215564390704
971,0.0039125826441936,0.0227926634906152
972,0.0183202981569824,0.0161029622758333
973,0.0035462636150673,0.0219881745651191
974,0.0035962124674601,0.0112031697280299
975,0.004178789094954,0.0315484226665985
976,0.0092175819944945,0.089815285384172
977,0.0051952166285677,0.0429975927326422
978,0.0071715411276504,0.0456557510696411
979,0.0054787593934865,0.0210040585442739
980,0.0345231984000979,0.0335573403207645
981,0.010912268520929,0.0475258167061083
982,0.0053917809081444,0.0250382256125858
983,0.00519444787999,0.0364246843454721
984,0.0072913213688711,0.0480523595396489
985,0.0554466775030736,0.1447532481114804
986,0.0057030045508558,0.0481902891550971
987,0.0201557650543013,0.0151266229440052
988,0.0158448911533246,0.0291009999490752
989,0.0631662109448602,0.0425149554429636
990,0.0010021234704031,0.0489000973101765
991,0.0070388488158418,0.0529497332244473
992,0.0278128883002641,0.5765550939094437
993,0.0041302559065347,0.0165656919197472
994,0.0043889600300876,0.0290571019649333
995,0.0034430586091961,0.0439301019577369
996,0.1129546788218253,0.073396846731991
997,0.0138246363023203,0.0149592478773384
998,0.0109899958317105,0.030300523845578
999,0.0051639752709211,0.0275796355198663
1000,0.0201070945621954,0.1364317528422516
1001,0.014715037424185,0.0477169157892758
1002,0.0043309342826664,0.0378224182276581
1003,0.0039051033190166,0.0506910980692892
1004,0.0174472814180039,0.0138830619179471
1005,0.0277753512966005,0.092506778229942
1006,0.0073289935880215,0.0331402532537295
1007,0.0034653036563445,0.0146879918828899
1008,0.0680714677309201,0.0432275177226229
1009,0.0077851948434958,0.0545968642617636
1010,0.0042593616816934,0.050932431047765
1011,0.0032708740908906,0.0168283003221559
1012,0.0090104028485488,0.0180287820620988
1013,0.0240186095324365,0.0292977785938246
1014,0.0046746336446862,0.0322127858889116
1015,0.0060090059850385,0.0592146907728574
1016,0.0789293270355988,0.1756564164678975
1017,0.0111267121891846,0.0516371305201728
1018,0.0033758344651919,0.0176320297540924
1019,0.0039744142849717,0.034912870607438
1020,0.0083510580042688,0.1897470907496581
1021,0.0363436316458096,0.1111437901053405
1022,0.0090960451733967,0.0328608147828317
1023,0.0059870016486233,0.0199396070492339
1024,0.0154679868675661,0.0892019102392778
1025,0.0041302559065347,0.0188342344844541
1026,0.0067474971030382,0.0164756865050704
1027,0.0124965708009089,0.0483406680358866
1028,0.0057339519116116,0.0196790374247184
1029,0.0034882072940722,0.0255568345964248
1030,0.0085723882831875,0.0174298553974195
1031,0.0162911147419212,0.0402555904801529
1032,0.0048916239392615,0.0137597653009989
1033,0.0250233246915063,0.1371513329139971
1034,0.0033932082296136,0.0146879918828899
1035,0.0431484644392871,0.1337678259005015
1036,0.004482239863069,0.0154071622745659
1037,0.0097928888646269,0.0653686347031153
1038,0.0122811166103706,0.025391083072388
1039,0.0053074229244207,0.0476116902463373
1040,0.0075851508690225,0.0381842798014231
1041,0.0071135126299172,0.0519587586676762
1042,0.0034708335296504,0.0524737409431664
1043,0.0049932576682071,0.0666294723522851
1044,0.0036542382148813,0.0260532068859147
1045,0.0094526662143611,0.0389431857983409
1046,0.0093837039375334,0.0142181142072486
1047,0.0036716119793031,0.0160191001267931
1048,0.0094976302342961,0.0305992218999718
1049,0.0190008846649793,0.1099480205665868
1050,0.0034771824138492,0.0147481353559824
1051,0.004929269780337,0.1264253086555227
1052,0.007268702061015,0.0098995520601575
1053,0.0041692781086798,0.0215014149215831
1054,0.0256702831940633,0.1130825521576453
1055,0.0144339644686401,0.0469117265819632
1056,0.0036909149202306,0.0216903236941261
1057,0.0048741385980297,0.0279484675046815
1058,0.0725119371078794,0.1340547785302233
1059,0.0278011595573166,0.016934111299558
1060,0.0087199397630006,0.0440362632724982
1061,0.0063519517854506,0.0409083418561904
1062,0.0107309167034831,0.0212547798181886
1063,0.0398301405122542,0.0614729976586359
1064,0.0104876342801848,0.0163698755276682
1065,0.0050151164615958,0.0764405443550613
1066,0.011194070269244,0.0272992626486639
1067,0.0178708430786859,0.0845345092420002
1068,0.0066892729627629,0.0399970237412317
1069,0.0143687862720757,0.056092107075453
1070,0.0059692473807221,0.0397071299884528
1071,0.0269609941862431,0.1365771586869568
1072,0.0101159102552405,0.0247451289978171
1073,0.0153347469849227,0.0616519857248177
1074,0.0116743249733876,0.1266252330969264
1075,0.0061917981465062,0.0358941110534188
1076,0.0049731971450232,0.0543593605761243
1077,0.0069914651202684,0.0317596754829692
1078,0.0091829505717446,0.0228818551185368
1079,0.0043889600300876,0.0200067522309082
1080,0.004096344986397,0.0224820168877313
1081,0.0046161228382747,0.0215030880571403
1082,0.0052854896447802,0.0384523492902344
1083,0.0084488671565627,0.0755830694142032
1084,0.0035821427881505,0.0164262249672147
1085,0.0187398148729475,0.0184388464039484
1086,0.0064848967849006,0.0656385396286323
1087,0.0034273320342667,0.0155595327013698
1088,0.0189008195047112,0.0145117234423351
1089,0.0211132559772299,0.018852750967123
1090,0.010058932573816,0.0147035949993706
1091,0.0332737802563546,0.1080329053428768
1092,0.0080734127551981,0.0754096355157498
1093,0.0088453858440293,0.0360076302021452
1094,0.0049075391615819,0.0253321734561878
1095,0.0163743069460228,0.0340084854614515
1096,0.0355186270209519,0.4675991745724941
1097,0.0050665323796469,0.0175898627275428
1098,0.0050150982669269,0.0413215506486422
1099,0.0063259277732645,0.059390150916367
1100,0.0112033390095579,0.0259084451899225
1101,0.0180812097741413,0.0382429957752874
1102,0.1157144222467427,0.0554467839755643
1103,0.0088780374064076,0.0596427989984631
1104,0.0177735318576883,0.0656184245125741
1105,0.0234406517885649,0.1082027584706493
1106,0.0045662724586922,0.0231830865886122
1107,0.0056796417228956,0.1141218013944281
1108,0.0041103563561823,0.0135856461783232
1109,0.0278732044134135,0.0494881795383817
1110,0.0068044442331715,0.07960356119285
1111,0.0050455248810298,0.0132863082434751
1112,0.0142044058876994,0.1010722459249491
1113,0.003816018654948,0.0410550155428764
1114,0.0140511138071592,0.0290896608784505
1115,0.0197488346931781,0.0594540598939757
1116,0.0304140081026848,0.1058155488539496
1117,0.0050528683595307,0.0252976259288671
1118,0.0164366220807782,0.0391265331999575
1119,0.0041353135847434,0.0927231281456597
1120,0.0228888605517345,0.0166136077095116
1121,0.0119152885444468,0.0350968153870026
1122,0.0039458203536246,0.0219220752405063
1123,0.0151647131487384,0.0441401866482165
1124,0.0022517171782287,0.0328675210838964
1125,0.0051430426257643,0.0190706471402491
1126,0.0070726071389121,0.0489078418612889
1127,0.0194262871772711,0.0345604263056129
1128,0.0265186769137703,0.0969764859400284
1129,0.0186682014281591,0.0743506867074002
1130,0.0075493379180674,0.0322971709100939
1131,0.0047762713283422,0.0135856461783232
1132,0.0140552760305358,0.0799012503338572
1133,0.0043633388558423,0.0107235209651817
1134,0.0082860922038212,0.0519418894508972
1135,0.0104865263776223,0.0578539840097774
1136,0.0124669714124824,0.0282948739258399
1137,0.025606781335387,0.4096383346695048
1138,0.006614016318213,0.0151985670453696
1139,0.0199766871520982,0.0504181839350322
1140,0.0060388923847544,0.038626597517502
1141,0.0058415295852005,0.0410191575428298
1142,0.0184286659304466,0.0548918810126606
1143,0.0071651251918642,0.029792487599404
1144,0.0043889600300876,0.0344968660573768
1145,0.0052421220097362,0.0222579051259499
1146,0.0077740229780151,0.0176873252566265
1147,0.0319954602488682,0.046502283737861
1148,0.0041336604335133,0.0126204996121641
1149,0.008515548251285,0.0256859223226611
1150,0.0073787725697688,0.0107235209651817
1151,0.0046247832651037,0.0537622523769796
1152,0.0062429310373094,0.0098995520601575
1153,0.0233867621929452,0.1167513264771669
1154,0.0103698955853592,0.0314445602197493
1155,0.0056894700718889,0.0128225195293607
1156,0.0070568391774263,0.0452704123089615
1157,0.007647861584633,0.0167973966235122
1158,0.0212901640690465,0.0730947944938789
1159,0.005016328544048,0.0572761870861695
1160,0.0559330618602193,0.1423888615535516
1161,0.0386949120526655,0.0418310025778892
1162,0.0177026782504758,0.0294728675579945
1163,0.0040223354662207,0.033253578083456
1164,0.0044524047115605,0.0717347781464168
1165,0.0047602708508979,0.0551150389073127
1166,0.0047668728210969,0.0098995520601575
1167,0.0094263710845329,0.053222257731174
1168,0.0043861005760167,0.0117327363767954
1169,0.0090146109859465,0.037233404895157
1170,0.0070659330112225,0.0453763439945005
1171,0.015033529816424,0.0445550305229672
1172,0.0065512358077516,0.0212649706590282
1173,0.0084071756017924,0.1233970936663509
1174,0.012162103429478,0.0147035949993706
1175,0.0055207233125888,0.0135856461783232
1176,0.022686677059642,0.0507046534548108
1177,0.0086132623645657,0.1041572543617048
1178,0.0135459187248902,0.1054744891661512
1179,0.0030819395323537,0.0265886600063068
1180,0.0054489877147038,0.029027384203725
1181,0.0227696022990817,0.3980702007956252
1182,0.0181365874233738,0.0905227602124041
1183,0.0178379374839782,0.0553682855897177
1184,0.0030320891527712,0.0243976538003308
1185,0.0047492756811384,0.0183409918462685
1186,0.0217981188535991,0.0352160453984807
1187,0.004647852717358,0.0510754130736286
1188,0.0181878284112603,0.0817415162527295
1189,0.0786346175944349,0.043784102548595
1190,0.0069346419076514,0.0438448038111501
1191,0.0076205832582904,0.0392927751308134
1192,0.0050635582155568,0.0171570372839751
1193,0.044994324670984,0.0413302583255399
1194,0.0222734921728037,0.1528550502261323
1195,0.0110969638655437,0.0170324571298961
1196,0.0147252838943818,0.0733714200868389
1197,0.0064023050908194,0.0201641930106389
1198,0.0099608453967225,0.0477054119036593
1199,0.0167186421048659,0.0423293486164011
1200,0.0038319526064928,0.021625038592826
1201,0.0047602708508979,0.0107235209651817
1202,0.0299904828563516,0.0308466242494587
1203,0.0120066382725558,0.0876128226881674
1204,0.0275803411451993,0.0227261563194743
1205,0.0057456327848972,0.0318234263612949
1206,0.0032383974757299,0.0340332514387382
1207,0.0101713858456837,0.0340844502278896
1208,0.0040690405875697,0.0779985480038858
1209,0.0048410454282252,0.0266899843190158
1210,0.0072067313548591,0.0236415113830999
1211,0.0064172959393322,0.0353366141716078
1212,0.0053334707007938,0.0117327363767954
1213,0.0077267547193746,0.0858656908803068
1214,0.0536778100683254,0.1237012880737138
1215,0.0187131412566718,0.0962884645777349
1216,0.010513998345164,0.1033482358615556
1217,0.0195893920271605,0.2935881464508539
1218,0.0311500435743032,0.1744090514984391
1219,0.0200112709127783,0.0873084981794063
1220,0.0233867621929452,0.0928362872763655
1221,0.0108372137716973,0.0341353301627505
1222,0.0065284316696538,0.0191537967474842
1223,0.0200303781959296,0.5826157637756451
1224,0.005335244099047,0.0107235209651817
1225,0.0069001251833246,0.0866371456867609
1226,0.0064706828087996,0.0147888214050153
1227,0.0056492426810341,0.0098995520601575
1228,0.0243313056882247,0.187417672019289
1229,0.0276618329696025,0.1004924608559277
1230,0.0053343398350766,0.0107235209651817
1231,0.0296077213089806,0.3910008199899649
1232,0.0041336604335133,0.0118251678867791
1233,0.013927234310518,0.0169598072606432
1234,0.0056301907997526,0.0118251678867791
1235,0.009445578921191,0.0442449436158467
1236,0.0208549937626007,0.0160069412885759
1237,0.0049622333280471,0.0227675090353996
1238,0.0077045057359332,0.0201401151643194
1239,0.0190963691638221,0.0763757498279274
1240,0.004525559168474,0.0395798650860497
1241,0.0043419850116383,0.0645026022392967
1242,0.0245728557303441,0.0239832505248314
1243,0.0054555822088563,0.0265866208864436
1244,0.0257144880053378,0.1567560375332659
1245,0.0048754488852186,0.0429133342476389
1246,0.0100807963380479,0.0272224854051428
1247,0.0090204364925516,0.184270516467147
1248,0.0206343980016076,0.049351471876359
1249,0.0039016082300126,0.0128225195293607
1250,0.0357185253307538,0.2867708974708121
1251,0.0144359164586835,0.0370992725146761
1252,0.004525559168474,0.0153057676288126
1253,0.0115212477214076,0.0232809432126641
1254,0.0042341492762038,0.0306081267698728
1255,0.0037910095997408,0.0303938077485481
1256,0.0042000254715507,0.0147481353559824
1257,0.0063954954229534,0.0228864597228648
1258,0.0074123453850238,0.0107235209651817
1259,0.0138080700736968,0.0381959892182904
1260,0.0035910501609809,0.0223184339483096
1261,0.0328672189970579,0.0460074228757703
1262,0.0089291170399296,0.0289149017261634
1263,0.0046469757898425,0.0455651882438515
1264,0.0032383974757299,0.0412923891198416
1265,0.0078996640331074,0.0591054955511181
1266,0.0170209187346476,0.0142181142072486
1267,0.0083766254282868,0.0166292108259922
1268,0.0125482485479328,0.0212547798181886
1269,0.0082346199234739,0.0290660583013205
1270,0.0096789245425729,0.0098995520601575
1271,0.0072459504398698,0.0246217650200533
1272,0.0116963416029879,0.0224025972492354
1273,0.0039458203536246,0.0148749151484635
1274,0.01687257286078,0.0436900080020832
1275,0.0064284981735231,0.0964664374259128
1276,0.0159905405006843,0.0409451796221374
1277,0.0132062291551623,0.0357998382022897
1278,0.0111112007061142,0.0722121141952057
1279,0.0059836421607319,0.0550669270741464
1280,0.0142824921014612,0.0821415514437076
1281,0.010724348400959,0.1295631809406741
1282,0.0531022829548423,0.0660430569768477
1283,0.007754945198872,0.0935432751356684
1284,0.0082864298264443,0.3738283085012127
1285,0.0053279823913958,0.097534967011522
1286,0.0032882478553123,0.0247074047291944
1287,0.0084017774997168,0.0883150497974538
1288,0.0084229548148646,0.0155007973152505
1289,0.005016328544048,0.0234956858693449
1290,0.0047525591618755,0.0188081632731309
1291,0.031571416812017,0.1045895308415465
1292,0.0215025989338532,0.0315063780944156
1293,0.0322822833986042,0.1167705464967339
1294,0.0065282079339571,0.0939661890223915
1295,0.0390898428669747,0.074094618139422
1296,0.0052338909373934,0.0548307241478296
1297,0.0206579310712872,0.1136040271957581
1298,0.008695821775223,0.0169509176702531
1299,0.0703445825775365,0.1314087682039071
1300,0.0086528766468522,0.0241552701699374
1301,0.0357185253307538,0.271967181489269
1302,0.0063122998207522,0.0813692804876309
1303,0.0104699930990823,0.042210601844924
1304,0.0221706476503872,0.0312356040885033
1305,0.0071236085306513,0.0615077884794273
1306,0.0059930765927906,0.1513198397077913
1307,0.0586686304879326,0.0521552127974401
1308,0.0079267939180913,0.0146879918828899
1309,0.0040472874460878,0.0142181142072486
1310,0.0309322623688108,0.1221541556514394
1311,0.0049257614108914,0.0098995520601575
1312,0.0048622537068926,0.0178896444339598
1313,0.0094261745652379,0.0416399040622464
1314,0.0166651609387604,0.0422450289114904
1315,0.0047778846009582,0.0856458028392053
1316,0.0063167942682189,0.1004544535279974
1317,0.0048460754905367,0.0514573349427492
1318,0.0746647264019661,0.0596208151290893
1319,0.0041026156249476,0.0107235209651817
1320,0.0032024007984323,0.0218712529239537
1321,0.0117737183283456,0.0274464117609723
1322,0.0049724561685484,0.0149803500607204
1323,0.0040690405875697,0.0817284022340727
1324,0.0032730587010296,0.058105683237879
1325,0.0140397016577257,0.047440234884486
1326,0.007812351099506,0.0377410960426614
1327,0.0043802045874376,0.0128225195293607
1328,0.0066006968299238,0.0379658761448054
1329,0.0135501657522813,0.0218769525307989
1330,0.0096465861535539,0.023516883134941
1331,0.0154030326511251,0.1116366789282592
1332,0.022223364706338,0.0098995520601575
1333,0.0097920316210779,0.031240207033913
1334,0.0130405399603891,0.0926645685575904
1335,0.0179459127893328,0.1173523873002677
1336,0.133152204225485,0.0487817559114019
1337,0.0168967485421266,0.134351492277271
1338,0.0060143713525808,0.0367066161342491
1339,0.0047541125385809,0.0160191001267931
1340,0.0200483628388387,0.0419401078178607
1341,0.0169926049010659,0.0218319370104991
1342,0.0085835539747908,0.0500507745090699
1343,0.0268762124041363,0.1097979370023649
1344,0.0138571396891397,0.0355308452634899
1345,0.013709697937134,0.0580492531516183
1346,0.0150437387348351,0.0543610844251061
1347,0.0039508841872934,0.0107235209651817
1348,0.0180027937446315,0.0540208603705805
1349,0.0299254479131609,0.2526061961542992
1350,0.010817994883087,0.019298624254513
1351,0.0070074334352516,0.031757722703257
1352,0.0041336604335133,0.0128225195293607
1353,0.0033932082296136,0.0264268077661809
1354,0.0040690405875697,0.0469510468318885
1355,0.0194422232154242,0.0454265396910314
1356,0.0292676422911203,0.2072996938103797
1357,0.0063259277732645,0.0581852158683587
1358,0.0059876035447136,0.0164719139064955
1359,0.0325071754938794,0.1136914795533057
1360,0.0088420890426054,0.0366866661278591
1361,0.0095922432364436,0.0419272963990052
1362,0.0033354659425872,0.0245961826948742
1363,0.0227812906741068,0.0192509594598205
1364,0.0122959973888787,0.09304920763672
1365,0.0306045370017959,0.1205311474331365
1366,0.0047918784356856,0.0787097783285544
1367,0.0257108792504145,0.0480117883634348
1368,0.0166260994803228,0.0858303941603635
1369,0.007588201085969,0.0098995520601575
1370,0.0151647131487384,0.0367441827328703
1371,0.00567587861126,0.0147916423374381
1372,0.0037458609148647,0.0163524026355999
1373,0.010819907793962,0.0229774470862294
1374,0.0335423004218459,0.2902326543589125
1375,0.0450937007482711,0.0947239250162211
1376,0.0104857642863184,0.0192700025581116
1377,0.0254565297211006,0.3011839858662979
1378,0.0173284365254635,0.1675798329960498
1379,0.0216530057513641,0.0332189709951462
1380,0.0139634732585595,0.129267226926383
1381,0.028003661806611,0.107282234319352
1382,0.0669757837041974,0.1011697715511373
1383,0.0033758344651919,0.0158825880425111
1384,0.0034771824138492,0.0249314060564911
1385,0.00386054653784,0.0098995520601575
1386,0.0205606681874319,0.0512393621901692
1387,0.0075087703952935,0.0129492993218418
1388,0.0094783199919452,0.0160546915794084
1389,0.0206884161445263,0.0731620264049679
1390,0.0170981626821917,0.0941021619654902
1391,0.0046370676818018,0.1126190756184924
1392,0.0147362513518378,0.1240512932489919
1393,0.0052149095389954,0.0225292782051083
1394,0.0123021105675211,0.0273500678812679
1395,0.008697052579851,0.0211580765680237
1396,0.0091125708451504,0.0529533129774036
1397,0.0113865317679714,0.0229473732978631
1398,0.013984897886235,0.1727173054459099
1399,0.0074252234798454,0.0472589673517332
1400,0.0247797267178843,0.2633869559112254
1401,0.0032383974757299,0.0297115409702355
1402,0.0102197681628017,0.0207066748188636
1403,0.006949622576872,0.0356401714524663
1404,0.0131820562161696,0.0198984067427927
1405,0.0065368876411643,0.0982591190813009
1406,0.0057464939053947,0.0211155885844318
1407,0.009547553660855,0.0629130671222056
1408,0.0970922949347145,0.1434453128239665
1409,0.0041743737237315,0.021304043468187
1410,0.0083010846710071,0.0645026588680748
1411,0.0049768847892896,0.0165656919197472
1412,0.0115342912651389,0.0364090918446136
1413,0.0084124742199269,0.0507166920796562
1414,0.031127923131567,0.3270008084872798
1415,0.0267912858898175,0.3540714318223009
1416,0.022700949127216,0.0482378126543308
1417,0.004402953864815,0.0370380396997616
1418,0.0062754733034357,0.0615162406756253
1419,0.0051475908111801,0.0129008445873451
1420,0.0201116532152131,0.1518637601692871
1421,0.0074990475395002,0.0145831933695417
1422,0.0112775578444829,0.1014367178067159
1423,0.0055030566754116,0.0338110714145996
1424,0.0201667113059788,0.0463855608904096
1425,0.0047040960343342,0.0198383564346995
1426,0.0045662724586922,0.070504684495897
1427,0.0299017639793423,0.061014877945051
1428,0.0105372122479143,0.0407821200568987
1429,0.0115204854363814,0.060913352608547
1430,0.0170969938321154,0.0352989117090301
1431,0.0061409971814787,0.0174638439565724
1432,0.0098417115358874,0.0514465036029987
1433,0.0225895068780805,0.0583733297461704
1434,0.0178432233371272,0.0313331319993422
1435,0.0072487161041185,0.0103579768546451
1436,0.0161163835984329,0.042473219455057
1437,0.0224455699050626,0.0571897694607442
1438,0.0062902458839066,0.0457379148501031
1439,0.0178584355009438,0.1058201943200556
1440,0.0041262797021094,0.0128225195293607
1441,0.0062698334758583,0.0213512111439895
1442,0.0055283508183269,0.0544797664078187
1443,0.0104051847983332,0.0140509462434393
1444,0.0239320063409881,0.0381385144500355
1445,0.0098417954642859,0.0416797727302009
1446,0.0105639415914315,0.0396158487200564
1447,0.0040605059765998,0.0146879918828899
1448,0.0068767634256123,0.0590831790977217
1449,0.0050359552432614,0.0409533870514833
1450,0.0050526066433353,0.0387834351421743
1451,0.0041336604335133,0.0500507745090699
1452,0.0065586840682276,0.0297563353159758
1453,0.0040452147176669,0.0270750634735277
1454,0.0050278091293198,0.0220451383283189
1455,0.004525559168474,0.1121259935388634
1456,0.0086859492141006,0.0149411763485814
1457,0.0070795203309221,0.0250795629471367
1458,0.0085096592885524,0.0223222823041551
1459,0.0147057327039196,0.0800436578501076
1460,0.0115195693169202,0.0858911905888062
1461,0.0193505358721954,0.0156413971780393
1462,0.0175771796675012,0.033625922260323
1463,0.0157137392042618,0.0340760162434135
1464,0.0198167427869752,0.0463890031605087
1465,0.0112964621284167,0.0525014573394555
1466,0.0055870993600596,0.0252795026098438
1467,0.0048503327997654,0.0317117596932048
1468,0.005901321313036,0.0198906003715065
1469,0.0115186109241453,0.0563377602592636
1470,0.02236486583563,0.0201626249544615
1471,0.0047749596659973,0.0227261563194743
1472,0.0037574432207524,0.0186033607241525
1473,0.0239135958319597,0.0687370664599411
1474,0.0176368403871724,0.0501330960686728
1475,0.0142258793991236,0.0476593745187683
1476,0.0035411997813984,0.0589674913280005
1477,0.0263811839906115,0.10180883006971
1478,0.0331729313513055,0.2673669058539572
1479,0.0060145084971058,0.0546881217887103
1480,0.0097294346925768,0.0970632249408636
1481,0.038088594043234,0.0283524235928025
1482,0.0043683721159372,0.0276506362205664
1483,0.0103691296891842,0.0218044527791035
1484,0.0053277110775302,0.0098995520601575
1485,0.0060092504935941,0.0413922406805041
1486,0.0034273320342667,0.0247169246867242
1487,0.018703487202561,0.0389104469431158
1488,0.0046035020304093,0.0401756912541868
1489,0.0225808029828617,0.0585375326990443
1490,0.0081468439338327,0.1081593714551827
1491,0.0464020992832733,0.0857580288938306
1492,0.0156393204066948,0.1588231721397433
1493,0.005241689621403,0.0135856461783232
1494,0.0317331734726626,0.0355508058345704
1495,0.0349398096722556,0.4001162917874508
1496,0.0065720626434317,0.0247761975114526
1497,0.0042181471027792,0.0140837467987849
1498,0.027021134770553,0.0296522630450608
1499,0.0091545282438578,0.0138280939208171
1500,0.0202819391990264,0.0466919940881025
1501,0.0067333045253012,0.2119422921167979
1502,0.0225900005086036,0.1119364518125776
1503,0.0106484329470963,0.0402751576547571
1504,0.0224813426247469,0.0750126331330802
1505,0.0183107879528738,0.0916772186973658
1506,0.0059623058004267,0.012423389962275
1507,0.0176867688232282,0.2528800539147751
1508,0.0081402880422733,0.0137248134923693
1509,0.0141740090877424,0.045342911376717
1510,0.021618039449027,0.0516847934267543
1511,0.0297092689717605,0.0996745054216417
1512,0.0044980720257858,0.0496697907728203
1513,0.0058057821542438,0.0192406754721714
1514,0.0103502355070081,0.057437944305927
1515,0.0076221173321077,0.0227849983274764
1516,0.0090285100522355,0.038661085934943
1517,0.042448477965127,0.1203109108536564
1518,0.0160515723645635,0.0471945425451095
1519,0.0059088669512907,0.017749369340815
1520,0.0041829083347015,0.1022285702564813
1521,0.00483797900954,0.0758524708070736
1522,0.0228063466164944,0.1659468164215623
1523,0.004525559168474,0.0279244933407581
1524,0.0201035762510632,0.0355772900437996
1525,0.0206926925531438,0.0303584686261429
1526,0.0034273320342667,0.0180287820620988
1527,0.0063808483645748,0.0200109369251704
1528,0.0137054994183249,0.0539545092287126
1529,0.0307061779923746,0.0875356489922678
1530,0.0293686018412022,0.1487040868741287
1531,0.0071672537632598,0.0396689207335994
1532,0.008193445340044,0.0266405956717035
1533,0.0224575471030907,0.0103579768546451
1534,0.0173138039564723,0.1062468054878236
1535,0.0188166398839261,0.0567618744607143
1536,0.0267553680439964,0.0272177130608879
1537,0.0047919333182339,0.0311057865509765
1538,0.0068462180305918,0.0233790075216502
1539,0.0130878565823199,0.3516253260212734
1540,0.0032383974757299,0.0368392434392417
1541,0.0176053993288182,0.0390109564467975
1542,0.0250988471536179,0.0168588477317071
1543,0.0308158229674295,0.3489147677436604
1544,0.0222086685495701,0.1197688085657473
1545,0.0112639459768392,0.0697094392889239
1546,0.0095458898605788,0.0425205227365195
1547,0.0233612359144676,0.1205260052446801
1548,0.0227812906741068,0.0269633003407916
1549,0.0078381490083533,0.0194608554665292
1550,0.0059626838473609,0.0315835774016859
1551,0.0032818989711135,0.0147035949993706
1552,0.0137828612195566,0.0287226235158568
1553,0.006476839393304,0.0126491367918033
1554,0.0221086886157768,0.0436601887449042
1555,0.0041764148008273,0.0298967269117538
1556,0.0091981820032064,0.0243148971129967
1557,0.0266753288625982,0.1327950036647207
1558,0.0069204863138342,0.0553833909870418
1559,0.0173020140611474,0.3603013904939117
1560,0.0050561133538626,0.0207371934447265
1561,0.004224224103314,0.0305134121517012
1562,0.0030819395323537,0.0228376044323495
1563,0.0027183126355116,0.07263495199724
1564,0.0047130870734012,0.0135856461783232
1565,0.0046746336446862,0.0168283003221559
1566,0.0058147738263191,0.0118251678867791
1567,0.0051500734079358,0.0135856461783232
1568,0.0070256918806312,0.0293288591418941
1569,0.0350561916019846,0.0356159269503378
1570,0.0034273320342667,0.018055937987735
1571,0.0135229041615507,0.3012716273660017
1572,0.0062410557547313,0.0711693537013316
1573,0.0505075378238648,0.0367357710564802
1574,0.0030320891527712,0.0144270797681356
1575,0.0706447003630505,0.1050982117148278
1576,0.0061908591705336,0.0166292108259922
1577,0.0044807643961807,0.0358268782801287
1578,0.0043889600300876,0.0198987305993041
1579,0.0086814266314154,0.0160546915794084
1580,0.0048935909098194,0.0481855903416699
1581,0.0246547510386567,0.0438961556136901
1582,0.0053915375319097,0.026896435716405
1583,0.0504963798600106,0.0728331062963816
1584,0.0065188802208699,0.0354238709477768
1585,0.0042531445796389,0.0135628632341804
1586,0.0055982447301407,0.0118251678867791
1587,0.0187845105273713,0.1704350346262045
1588,0.0051458161505483,0.022674004627258
1589,0.0041246259597078,0.0167973966235122
1590,0.0034771824138492,0.0324282167202154
1591,0.0183714882712597,0.0272177130608879
1592,0.0043962298949968,0.0264268077661809
1593,0.0195080377672415,0.0345274664941071
1594,0.0053402289703858,0.0903227019661399
1595,0.0168889180130695,0.0269633003407916
1596,0.0045132160111511,0.0139504289617589
1597,0.0043551329144297,0.0107235209651817
1598,0.003417330204616,0.0135856461783232
1599,0.0034771824138492,0.0135856461783232
1600,0.00386054653784,0.0165551511962958
1601,0.0350558975043672,0.1284831559095592
1602,0.0158684338095331,0.0594540598939757
1603,0.1399229617838277,0.1305658099508191
1604,0.0143652797550434,0.1783929873489951
1605,0.0375625652667854,0.1201632275987476
1606,0.0037910095997408,0.0107235209651817
1607,0.0132614897547004,0.0282948739258399
1608,0.0321027564502178,0.0806631057275053
1609,0.0178665120874261,0.0518680762105914
1610,0.1283751898969744,0.0672994948035166
1611,0.0042238513414535,0.0682686845101825
1612,0.0054673660560415,0.0348826813059686
1613,0.0124456348132075,0.0358199538822346
1614,0.0061489698490963,0.0282948739258399
1615,0.0030320891527712,0.0135856461783232
1616,0.0115053902629146,0.0418069729566168
1617,0.0235683891988178,0.0509183559696948
1618,0.0036232459034867,0.0469261584729947
1619,0.0453961961656436,0.1196150648283192
1620,0.0064324530348362,0.0542574134523574
1621,0.0299897390397522,0.0448989469950147
1622,0.0061294474971195,0.0164802827129433
1623,0.0124456348132075,0.0384297786148791
1624,0.0065947704232944,0.1006389394387197
1625,0.0066432049169866,0.0360803488510255
1626,0.0195704288154733,0.0166292108259922
1627,0.0034733457868473,0.0098995520601575
1628,0.0389337980151826,0.2369529748465693
1629,0.0088441482586635,0.0235176000350448
1630,0.0351852193481822,0.0749314738858784
1631,0.0048120388564034,0.0331402532537295
1632,0.0149933934664436,0.0469117265819632
1633,0.0059693506081434,0.0270580023351767
1634,0.004253686492962,0.0167973966235122
1635,0.0262591889542595,0.1962106853242558
1636,0.0040690405875697,0.0769801523200995
1637,0.0058147738263191,0.0129556370883774
1638,0.0036025844701048,0.0383799590125973
1639,0.0103485498029162,0.0229205827271626
1640,0.0264658411135091,0.0395685208422192
1641,0.007984795596872,0.0456964066178598
1642,0.0146497737688837,0.0227179395805406
1643,0.0363887279130953,0.0196415843601398
1644,0.0051090479427561,0.0480523595396489
1645,0.047361770863677,0.0341259563210014
1646,0.0056963375827085,0.0142181142072486
1647,0.0076361530918124,0.0347205394718157
1648,0.0078675242549938,0.024856200201536
1649,0.033056757489408,0.2235103935740126
1650,0.0111135935441556,0.1242717466156291
1651,0.0079898697548974,0.0444503052130285
1652,0.0079822279548584,0.013827896000218
1653,0.0032383974757299,0.0228818551185368
1654,0.0038838506151709,0.0254244520546463
1655,0.003677141852609,0.1249110841453484
1656,0.0340982043564285,0.0351744431899688
1657,0.0253982161222443,0.0736925191812743
1658,0.0028946285191754,0.0141290757527868
1659,0.0148510062519339,0.0267177207787581
1660,0.0093333451297216,0.0406426833286941
1661,0.0040694133494302,0.0128225195293607
1662,0.0138468247670748,0.0229100695359348
1663,0.012831325999446,0.0198984067427927
1664,0.008904787328834,0.0496950538580831
1665,0.0154158454744678,0.065482517376874
1666,0.0070686123862519,0.053207770826627
1667,0.0072052942158966,0.0474832730323369
1668,0.0098533201009335,0.0142181142072486
1669,0.0099737341760605,0.0787413236466063
1670,0.0147054288753911,0.0374564610901116
1671,0.0179483808714626,0.0793281251025446
1672,0.0256323617579032,0.2828602205844773
1673,0.0065875503895999,0.0308365554155143
1674,0.0087695245082845,0.0161749058969844
1675,0.018091144716141,0.0447764167255782
1676,0.0207754746835921,0.1176264279674042
1677,0.0104429365955415,0.0358642279679016
1678,0.0097567623414993,0.0228376044323495
1679,0.0075604824696033,0.0815936524376566
1680,0.0034430586091961,0.0155112620049449
1681,0.0045379298316451,0.0142181142072486
1682,0.0101660798456354,0.0273235217390875
1683,0.0039555456022985,0.0107235209651817
1684,0.0312476894252317,0.0182916577431724
1685,0.0098415061612972,0.0276783726803087
1686,0.0060328232904571,0.0206601691969963
1687,0.0150609909969038,0.0238405726194442
1688,0.0100819242169795,0.0538072217386043
1689,0.0207906349341333,0.1118273004612247
1690,0.0041690214447275,0.0403749868782297
1691,0.0073271351092675,0.0218319370104991
1692,0.0030320891527712,0.0195091677996215
1693,0.004224224103314,0.0243839805988655
1694,0.0037458609148647,0.0198487499364246
1695,0.0095764877323067,0.0342890125684034
1696,0.0096465861535539,0.0743977450837674
1697,0.0172142628033957,0.044250994593237
1698,0.0137983835401659,0.1227928372172
1699,0.0037526704108363,0.0103579768546451
1700,0.006506739357906,0.0920099376088883
1701,0.0297064671869297,0.1109353530263588
1702,0.0053245481394019,0.0408021644615628
1703,0.0260734160473707,0.3287467641929807
1704,0.0154666371953912,0.1601380434948778
1705,0.0105926063471774,0.1162672324643763
1706,0.0126847189559843,0.0959042296634989
1707,0.0083897129469964,0.0358365715727968
1708,0.0122042519353048,0.0198984067427927
1709,0.0125785468252847,0.0543910903506157
1710,0.0073265732925624,0.0239842008231035
1711,0.0259685596383182,0.0482378126543308
1712,0.0037269922321915,0.0177596290085757
1713,0.0053888109395533,0.0200054743835762
1714,0.0062100982712995,0.0107235209651817
1715,0.0096208325186812,0.0654062188904545
1716,0.0065522088472566,0.0168759879524414
1717,0.0034771824138492,0.048879711197439
1718,0.0049154615116326,0.0147922627728958
1719,0.0048255121145534,0.0157617094300049
1720,0.0136934655310373,0.0098995520601575
1721,0.0262917592591979,0.0165745877383569
1722,0.003643018047956,0.0148749151484635
1723,0.0036217615997206,0.0172672742991535
1724,0.0259129955519942,0.1028428881180998
1725,0.0047999405068598,0.0177279232520204
1726,0.0040690405875697,0.0604985218887277
1727,0.0173734494227805,0.1157297851968151
1728,0.0033932082296136,0.032788879681827
1729,0.0130669383508352,0.0231865851564334
1730,0.0065368876411643,0.1251369804448741
1731,0.0228500965596826,0.1381217185589021
1732,0.0054478151504785,0.0257202714928253
1733,0.019459579770842,0.2391043001552289
1734,0.0084832815738768,0.0418291745517463
1735,0.0052866066763958,0.0433970788507549
1736,0.0300737847573377,0.0893314641179286
1737,0.0094312518223664,0.0107235209651817
1738,0.0220880133519362,0.0884222123749323
1739,0.0097364008180879,0.0130075608393936
1740,0.0173132394040071,0.0221090941703705
1741,0.0110462133808827,0.0126491367918033
1742,0.0324932516315816,0.3819568839489121
1743,0.02240249341769,0.0299495706639545
1744,0.0047583127842931,0.0372661179352844
1745,0.0064440920213432,0.1644506348638215
1746,0.0307246699559759,0.6169454428090075
1747,0.0062028716883337,0.0385989224813938
1748,0.0047040960343342,0.0517728311023502
1749,0.0140542448127011,0.0837366739068939
1750,0.0039508841872934,0.0107235209651817
1751,0.0045373710453763,0.01493126458801
1752,0.0056426171894831,0.0174071255095596
1753,0.004224224103314,0.0158391437361542
1754,0.0058655393294661,0.0321033092113039
1755,0.0117977532396939,0.024977390585188
1756,0.0051158328014257,0.0263628937754374
1757,0.0323081057830909,0.0327173604818354
1758,0.0047778846009582,0.034963797548623
1759,0.0061593370727909,0.0305782019494627
1760,0.0054171679438927,0.0262821667055659
1761,0.006072789586074,0.0711545361445287
1762,0.0095302084111385,0.037989700584073
1763,0.007509734102246,0.0274378911489448
1764,0.0209890390289506,0.0656733305003554
1765,0.0099880622537288,0.0652927330883512
1766,0.0046832538891298,0.0258694512375923
1767,0.0192282631316406,0.0671042214598101
1768,0.00467972340623,0.0152026555223683
1769,0.0045873367698054,0.0135856461783232
1770,0.0089779882791167,0.0196790374247184
1771,0.0110366589253094,0.0413254679514621
1772,0.0040548205460486,0.0117327363767954
1773,0.0159408164719711,0.0727766027011212
1774,0.0105498236988982,0.0626204884100998
1775,0.0124197491306181,0.0854882255588718
1776,0.026587484277275,0.2368336723592774
1777,0.0295326717388665,0.0461512377441222
1778,0.0481844188827157,0.1485266173766986
1779,0.0177109169664395,0.0858689493833635
1780,0.0030320891527712,0.0147035949993706
1781,0.0059537615224375,0.0810499270518603
1782,0.0087213552423467,0.0147035949993706
1783,0.0057716771079189,0.0157459376568267
1784,0.0193320727691347,0.2676868907655417
1785,0.0037269922321915,0.0160069412885759
1786,0.0117737183283456,0.0423293486164011
1787,0.03265641677142,0.0428522369983666
1788,0.028643892164769,0.0379291871576397
1789,0.0070401952897786,0.0282359743650131
1790,0.0053844214807445,0.0126491367918033
1791,0.0034273320342667,0.0146395428090882
1792,0.0184387052424203,0.3371426168522858
1793,0.0238035017611541,0.0445981168085536
1794,0.0383504712882999,0.0752797530075595
1795,0.0206749438211095,0.1505245265797539
1796,0.0394387491625597,0.172135028722475
1797,0.0060634805349086,0.0371385267134583
1798,0.0139770789975732,0.0797287713248051
1799,0.0253778127079617,0.043424232055183
1800,0.0188055345972092,0.0280283620740347
1801,0.0040941154147053,0.0764866876415153
1802,0.0211574062013146,0.1534589571710212
1803,0.0156951711352807,0.0158790318309156
1804,0.0190737219156066,0.0167973966235122
1805,0.0043622138036202,0.0182487918136003
1806,0.0188727458834596,0.0299932118213446
1807,0.0082560084039646,0.021035097779456
1808,0.0252495086610228,0.0293457266742889
1809,0.0037269922321915,0.0256052096482717
1810,0.0040691014946109,0.0133844154405933
1811,0.0133266028280336,0.249159226972476
1812,0.0070659330112225,0.0445467936150789
1813,0.0032383974757299,0.0142181142072486
1814,0.0067281675000462,0.0426035397030473
1815,0.0056578111324829,0.0379746199686606
1816,0.0109549718480825,0.0224095607917816
1817,0.0261702673733911,0.1070741415241327
1818,0.004241265167298,0.0098995520601575
1819,0.0060693713420964,0.0372798692259648
1820,0.0047050216079928,0.0207363002190659
1821,0.0152506587721067,0.0162747530047609
1822,0.0042003792804511,0.0144313009586012
1823,0.0048055424558019,0.0290818389548049
1824,0.0039738221895963,0.049765674550069
1825,0.0304758630001519,0.0974704513572915
1826,0.0120239309753064,0.0347140743469181
1827,0.0080702834531398,0.0483884200001894
1828,0.0058863111070654,0.093794133914268
1829,0.0163229737292344,0.0633217832000055
1830,0.0077289552381675,0.0223521236402275
1831,0.0045703345930864,0.0126491367918033
1832,0.0175176822403277,0.1218142073557073
1833,0.012931129721142,0.0845273882686497
1834,0.0049405528224501,0.0158841305600772
1835,0.0072971043081683,0.0431470302645875
1836,0.0190148622452174,0.142157930276805
1837,0.0032383974757299,0.0227352362343636
1838,0.0034273320342667,0.0331402532537295
1839,0.0049108985394245,0.0987917408055336
1840,0.1867731008745072,0.0781045823168069
1841,0.0500956845314026,0.3629295102072474
1842,0.0114422514733864,0.04679301517164
1843,0.018204476785218,0.0107235209651817
1844,0.0047999405068598,0.0139120125749441
1845,0.0239077964494531,0.0600781064348821
1846,0.0041103563561823,0.0197660250050076
1847,0.0071247966406421,0.0135856461783232
1848,0.0037429155781187,0.0135856461783232
1849,0.0074099753800742,0.0322480496906037
1850,0.0274826017193167,0.0774684821298406
1851,0.0106603377452533,0.0635938291742759
1852,0.0007883285144775747,0.0559374136427477
1853,0.0078547026925439,0.0141934401107546
1854,0.026456149467936,0.0664608797159571
1855,0.0073261349709132,0.058773973902059
1856,0.0059251494268896,0.0346625909332188
1857,0.0030320891527712,0.0195680065734605
1858,0.0095774176287936,0.0465298017588038
1859,0.005016328544048,0.0167973966235122
1860,0.0151340926158131,0.0250795629471367
1861,0.0060456315904279,0.051683643185167
1862,0.0047992557592128,0.1210819652259642
1863,0.0053245481394019,0.0142181142072486
1864,0.0032383974757299,0.0499703689055577
1865,0.0159012690555077,0.0507702226713418
1866,0.0134473192510317,0.0338537541610249
1867,0.0355002937123349,0.055789608326374
1868,0.0049727882241545,0.0199666177431181
1869,0.0171817543052161,0.0311189167331731
1870,0.0052288359874414,0.0148986136409048
1871,0.0120732171977128,0.164660346458656
1872,0.0193486506315598,0.1119740938519653
1873,0.0058956662505129,0.0139682938678716
1874,0.0066608688422779,0.0166292108259922
1875,0.0330197087604806,0.1181918111114255
1876,0.0044869503755539,0.0223078504567793
1877,0.0046837305780404,0.0445147512508965
1878,0.0194530164000529,0.061591063123994
1879,0.0039555456022985,0.0215834138870532
1880,0.0030819395323537,0.0242922815595348
1881,0.0101007707045714,0.0169783631644504
1882,0.0056203259227236,0.0339667683946727
1883,0.0097297978526744,0.04707810121901
1884,0.0049854384050608,0.0151985670453696
1885,0.0105160453085095,0.1047854509196595
1886,0.0131316199041752,0.0586556473571518
1887,0.0041794375574004,0.0196790374247184
1888,0.0069349882980309,0.0221012746987226
1889,0.0378804551580064,0.1383854393097108
1890,0.0193951385864925,0.1174891526679103
1891,0.0032882478553123,0.0164719139064955
1892,0.0051472373551637,0.0349653365519016
1893,0.0040694133494302,0.0318401342155239
1894,0.0036652630951043,0.0292129057415122
1895,0.0170785076106089,0.0141072956829857
1896,0.0079243877807361,0.0180661374396704
1897,0.0079145459703117,0.0289149017261634
1898,0.006612191244972,0.0731421729796393
1899,0.0157385847125401,0.1128569883220889
1900,0.0146133576844708,0.0307970603970871
1901,0.0047568850349539,0.0957256874243439
1902,0.0092025734658595,0.0368258080051573
1903,0.0290881685097478,0.1109779256147858
1904,0.0306206735585196,0.0160546915794084
1905,0.0288874066406383,0.0366444195241611
1906,0.0179523193912022,0.064017890275788
1907,0.0050532950071333,0.0230265586796276
1908,0.015738762227716,0.021765197256097
1909,0.0030320891527712,0.0170324571298961
1910,0.0068223049919883,0.025000943212869
1911,0.0054179820944459,0.0160546915794084
1912,0.0083523757775087,0.0107235209651817
1913,0.0132834355865047,0.0786143872900693
1914,0.0267834102138981,0.0198984067427927
1915,0.0044500634275441,0.017327475790732
1916,0.0067931746697699,0.0367788501825243
1917,0.0063583079562936,0.0107235209651817
1918,0.0043003498612283,0.0142181142072486
1919,0.0124858046937565,0.0170990885016335
1920,0.0287687281998391,0.0567618744607143
1921,0.0068249323984905,0.0461245023688361
1922,0.0227286025691914,0.0191356078502549
1923,0.0034771824138492,0.0195250028699929
1924,0.0032383974757299,0.0375308647998436
1925,0.003186899906655,0.0264268077661809
1926,0.0034273320342667,0.0227903740523443
1927,0.0132082107804085,0.0543689134864662
1928,0.0202912476917622,0.060415697334899
1929,0.0070292215524891,0.0281826380304819
1930,0.0083843958856736,0.0610136340764411
1931,0.0051577546727689,0.0128225195293607
1932,0.0047583127842931,0.0196790374247184
1933,0.0059813819606692,0.0808480783088425
1934,0.0412408752392143,0.326391299306958
1935,0.0314557126695722,0.0557045573040495
1936,0.011672644907026,0.1059076006130608
1937,0.0035877248166575,0.041596731411043
1938,0.0059946910941339,0.0204877379655199
1939,0.0198425046939296,0.0449760007067352
1940,0.0105278919283368,0.0189710935300509
1941,0.0032606425228782,0.0146879918828899
1942,0.0222277087195156,0.0386887224812353
1943,0.0076247271126025,0.0154552699604364
1944,0.0115383540598263,0.0957316922212312
1945,0.0075087703952935,0.0098995520601575
1946,0.0419635909139974,0.0225591187553773
1947,0.0068211951574316,0.0690854455969356
1948,0.004855386621944,0.0155934257854069
1949,0.0079086031027377,0.0220881783533668
1950,0.0058619515365767,0.0410953963654874
1951,0.0096597350704318,0.0799408183265013
1952,0.036617126860779,0.044690893751901
1953,0.0078982118529215,0.0107235209651817
1954,0.0078615515803225,0.1448014945052973
1955,0.0065431489628512,0.0149705093425991
1956,0.0183082829016034,0.0418170364063526
1957,0.0064304062570276,0.0186033607241525
1958,0.0085418214029464,0.0205354782446347
1959,0.0060388852388545,0.0869632775974578
1960,0.0252283489243613,0.0324187532604965
1961,0.0109843946046798,0.0366866661278591
1962,0.025141654645427,0.2619610199107383
1963,0.1299478518142682,0.0723563202408668
1964,0.0070014300326197,0.1116068258051355
1965,0.0130709880897261,0.0654009621975247
1966,0.0039523272934506,0.0107235209651817
1967,0.003631993167733,0.0167973966235122
1968,0.0320608567234789,0.3883665470083697
1969,0.0077084743633581,0.0591267438211771
1970,0.0098827703188139,0.0462720747927205
1971,0.0332066659831757,0.4210585475856688
1972,0.0307126823111507,0.1164185182605406
1973,0.0072526279217758,0.0235482012721304
1974,0.0090316884806502,0.1375644047147189
1975,0.0113148612098716,0.0402781847732667
1976,0.005900632949238,0.0169263125061816
1977,0.0287822299725807,0.0927731416813158
1978,0.0192946054266262,0.1293189428614978
1979,0.0048615177901642,0.0157537097474387
1980,0.0089928652598023,0.0850340826181464
1981,0.0030819395323537,0.0147481353559824
1982,0.0203905977786466,0.032788879681827
1983,0.0271524741985335,0.0281936459722756
1984,0.013062450750272,0.0406871665440276
1985,0.0132762180682452,0.0381670115238348
1986,0.009001536134679,0.0347140743469181
1987,0.0042124162063605,0.0235353224488035
1988,0.0100363771554616,0.0290896608784505
1989,0.0122384780433326,0.0212842879335921
1990,0.0071549004677994,0.04679301517164
1991,0.0159061446562877,0.4819229570684156
1992,0.0103325969823122,0.0562584496873724
1993,0.0160956463295637,0.0318564942935309
1994,0.0042000254715507,0.0163524026355999
1995,0.0057094183602434,0.0146395428090882
1996,0.0043135605182446,0.0162924386749337
1997,0.0040988757390782,0.0577987496434771
1998,0.0206089942693556,0.0370380396997616
1999,0.028003661806611,0.1695277004109057
2000,0.005016328544048,0.035958121552464
2001,0.0068593876239224,0.0293431729295816
2002,0.0119423528112069,0.1000385670558144
2003,0.0129598158227285,0.0865476457037557
2004,0.0046469757898425,0.0118251678867791
2005,0.0128126294941243,0.0157580249141729
2006,0.0041743737237315,0.0215079522385322
2007,0.0065353313502105,0.0181129017509347
2008,0.0089099556427531,0.0450435061610888
2009,0.0057741041345484,0.0612944203020715
2010,0.027503611061707,0.0310464516295878
2011,0.0251592947535532,0.0143491371781392
2012,0.0033932082296136,0.0172672742991535
2013,0.0034771824138492,0.0146879918828899
2014,0.0060047278383767,0.0401917169582857
2015,0.0231911366346825,0.0926555696241094
2016,0.0059961856203931,0.0291338556052478
2017,0.0357520264835106,0.1200868766535832
2018,0.0215997559100064,0.3436491946048746
2019,0.0456992762995473,0.068932811984193
2020,0.0179168287133283,0.0400401971491346
2021,0.0065499791634697,0.0605574127184054
2022,0.0041103563561823,0.0294738178562666
2023,0.0270175823060758,0.0347392794355228
2024,0.0061408929031362,0.0412537757219224
2025,0.030137625373914,0.2703703848937194
2026,0.0170508479645154,0.0440520226474446
2027,0.0198415129379331,0.0691589832748987
2028,0.0047583127842931,0.0195505443916017
2029,0.0051128822562309,0.0107235209651817
2030,0.0032643824087476,0.0117327363767954
2031,0.0941559072089607,0.0567618744607143
2032,0.0098328572677705,0.1043411443169289
2033,0.0040694133494302,0.0142181142072486
2034,0.0093341836074391,0.0504064958585486
2035,0.031175383523237,0.3711057939316716
2036,0.0173971121247863,0.0318485509850843
2037,0.0045377645573584,0.0147792434071716
2038,0.0603194811057396,0.0432702472825594
2039,0.0066985439579416,0.0103579768546451
2040,0.0213895629460016,0.0366866661278591
2041,0.0039744142849717,0.0262405129396184
2042,0.0074552937148159,0.0500555093675912
2043,0.0356148680663641,0.1155679133407075
2044,0.0047583127842931,0.0494162672184002
2045,0.0157168908798898,0.0285369534903266
2046,0.0320042820464327,0.0409110126856076
2047,0.0097833266774391,0.0469160568535853
2048,0.0100149265562554,0.0418291745517463
2049,0.0088995386021683,0.031197049094696
2050,0.0085233744504653,0.0290896608784505
2051,0.0050278091293198,0.0149709361357209
2052,0.0068621581109941,0.0875907600747423
2053,0.0043622138036202,0.0133999690223545
2054,0.0074128420046012,0.0184964884755727
2055,0.0270378748745547,0.0456280852885511
2056,0.0264909533470249,0.0477387569625689
2057,0.004647852717358,0.0325024321718201
2058,0.0040605059765998,0.0166584451871285
2059,0.0046019724685952,0.0283524235928025
2060,0.0167694892372087,0.0167973966235122
2061,0.0183311386889958,0.1367586187115348
2062,0.0043622138036202,0.0834014801293206
2063,0.0102370751082394,0.045078609946283
2064,0.0063789076038351,0.0547969711332525
2065,0.0046908606927222,0.0149663665724047
2066,0.0053245481394019,0.0317892322999951
2067,0.00520634599518,0.0126491367918033
2068,0.0891793525799362,0.0826331534698665
2069,0.0110857133030781,0.0893079357955839
2070,0.0062028716883337,0.0741403112259986
2071,0.0160647795591334,0.065780318127433
2072,0.0061593370727909,0.027064851536049
2073,0.0265703413571604,0.0409693867040159
2074,0.0257314274373816,0.0898028464870704
2075,0.0279973840699089,0.0891944366702928
2076,0.0073129466799632,0.022052660460683
2077,0.0068593876239224,0.0267418638031058
2078,0.0210561002533499,0.026077052148973
2079,0.0039416049693731,0.0228031543009974
2080,0.0038408599793233,0.0337088695741086
2081,0.004525559168474,0.0147922627728958
2082,0.0085092665457754,0.0225012111404039
2083,0.0330978180747256,0.0377410960426614
2084,0.008378099319248,0.0384432646314208
2085,0.035075451621356,0.0932075825620968
2086,0.0042838887892916,0.0212242400811346
2087,0.0276651807618468,0.0283524235928025
